frame_idx,capture_unix_ns,wall_time_iso,cam1_monotonic_ns,cam2_monotonic_ns,camera_skew_ms
1,1787500317158945100,2026-08-23T22:51:57.158+07:00,49064537266400,49064452930000,84.336
2,1787500317328229600,2026-08-23T22:51:57.328+07:00,49064827593400,49064840079200,12.486
3,1787500317531043800,2026-08-23T22:51:57.531+07:00,49064939885700,49064995769100,55.883
4,1787500317904502800,2026-08-23T22:51:57.904+07:00,49065401881700,49065379604900,22.277
5,1787500318126185200,2026-08-23T22:51:58.126+07:00,49065530620300,49065579538400,48.918
6,1787500318343484400,2026-08-23T22:51:58.343+07:00,49065659052200,49065778407200,119.355
7,1787500318616123500,2026-08-23T22:51:58.616+07:00,49066042058100,49066029110900,12.947
8,1787500318871238100,2026-08-23T22:51:58.871+07:00,49066296447100,49066279674300,16.773
9,1787500319096448100,2026-08-23T22:51:59.096+07:00,49066508306500,49066559846200,51.540
10,1787500319313548800,2026-08-23T22:51:59.313+07:00,49066780031400,49066758860200,21.171
11,1787500319539285800,2026-08-23T22:51:59.539+07:00,49066996444400,49067005874900,9.431
12,1787500319760490800,2026-08-23T22:51:59.760+07:00,49067132513100,49067202751700,70.239
13,1787500319994264500,2026-08-23T22:51:59.994+07:00,49067432192500,49067455459300,23.267
14,1787500320212288000,2026-08-23T22:52:00.212+07:00,49067627949600,49067651696100,23.747
15,1787500320457993200,2026-08-23T22:52:00.458+07:00,49067912001200,49067904008300,7.993
16,1787500320667003800,2026-08-23T22:52:00.667+07:00,49068122730900,49068148723600,25.993
17,1787500320882780800,2026-08-23T22:52:00.882+07:00,49068362353600,49068351046100,11.307
18,1787500321094141500,2026-08-23T22:52:01.094+07:00,49068564178500,49068558903500,5.275
19,1787500321330677300,2026-08-23T22:52:01.330+07:00,49068781747600,49068749927600,31.820
20,1787500321536904300,2026-08-23T22:52:01.536+07:00,49069010901400,49069000322800,10.579
21,1787500321741744000,2026-08-23T22:52:01.741+07:00,49069182539000,49069202258700,19.720
22,1787500321966240300,2026-08-23T22:52:01.966+07:00,49069338770400,49069400271600,61.501
23,1787500322180362100,2026-08-23T22:52:02.180+07:00,49069624539700,49069658036100,33.496
24,1787500322393899700,2026-08-23T22:52:02.393+07:00,49069830943800,49069862345700,31.402
25,1787500322609357800,2026-08-23T22:52:02.609+07:00,49070058399400,49070057835900,0.564
26,1787500322804245600,2026-08-23T22:52:02.804+07:00,49070284090600,49070300007500,15.917
27,1787500323026424500,2026-08-23T22:52:03.026+07:00,49070496203500,49070453969000,42.234
28,1787500323249583500,2026-08-23T22:52:03.249+07:00,49070704809200,49070704033700,0.775
29,1787500323441008500,2026-08-23T22:52:03.441+07:00,49070899202500,49070902286200,3.084
30,1787500323631758200,2026-08-23T22:52:03.631+07:00,49071054302300,49071106365500,52.063
31,1787500323875475400,2026-08-23T22:52:03.875+07:00,49071271261200,49071311174400,39.913
32,1787500324094489900,2026-08-23T22:52:04.094+07:00,49071524952700,49071562294700,37.342
33,1787500324317710800,2026-08-23T22:52:04.317+07:00,49071800237800,49071762826500,37.411
34,1787500324500573800,2026-08-23T22:52:04.500+07:00,49071979511900,49071954736700,24.775
35,1787500324686497700,2026-08-23T22:52:04.686+07:00,49072182728700,49072157850700,24.878
36,1787500324905019700,2026-08-23T22:52:04.905+07:00,49072334720600,49072354831900,20.111
37,1787500325098162500,2026-08-23T22:52:05.098+07:00,49072520385000,49072555261600,34.877
38,1787500325270669700,2026-08-23T22:52:05.270+07:00,49072782595400,49072759647300,22.948
39,1787500325468926000,2026-08-23T22:52:05.468+07:00,49072918971700,49072953164200,34.193
40,1787500325655576300,2026-08-23T22:52:05.655+07:00,49073128536400,49073161021600,32.485
41,1787500325862365300,2026-08-23T22:52:05.862+07:00,49073291938900,49073303848700,11.910
42,1787500326085675300,2026-08-23T22:52:06.085+07:00,49073540635700,49073554613300,13.978
43,1787500326409755000,2026-08-23T22:52:06.409+07:00,49073876327900,49073856405200,19.923
44,1787500326620688100,2026-08-23T22:52:06.620+07:00,49074068948700,49074096044700,27.096
45,1787500326837483200,2026-08-23T22:52:06.837+07:00,49074305851700,49074305550600,0.301
46,1787500327020086900,2026-08-23T22:52:07.020+07:00,49074465491000,49074495460100,29.969
47,1787500327211030700,2026-08-23T22:52:07.211+07:00,49074604963000,49074701312100,96.349
48,1787500327415218000,2026-08-23T22:52:07.415+07:00,49074868524700,49074897481200,28.956
49,1787500327606023600,2026-08-23T22:52:07.606+07:00,49075044861000,49075098124400,53.263
50,1787500327811659200,2026-08-23T22:52:07.811+07:00,49075271879700,49075292093200,20.213
51,1787500328043285800,2026-08-23T22:52:08.043+07:00,49075503873100,49075502951500,0.922
52,1787500328249658700,2026-08-23T22:52:08.249+07:00,49075706253900,49075725044500,18.791
53,1787500328550605000,2026-08-23T22:52:08.550+07:00,49075939270400,49075951728100,12.458
54,1787500328768928100,2026-08-23T22:52:08.768+07:00,49076236781400,49076246194600,9.413
55,1787500328982166300,2026-08-23T22:52:08.982+07:00,49076413373900,49076424217800,10.844
56,1787500329280795200,2026-08-23T22:52:09.280+07:00,49076571941100,49076676749800,104.809
57,1787500329580286400,2026-08-23T22:52:09.580+07:00,49076961875500,49076981503700,19.628
58,1787500329844207700,2026-08-23T22:52:09.844+07:00,49077220180800,49077248321500,28.141
59,1787500330141612400,2026-08-23T22:52:10.141+07:00,49077608948200,49077540970200,67.978
60,1787500330369329200,2026-08-23T22:52:10.369+07:00,49077827551000,49077807113400,20.438
61,1787500330653585300,2026-08-23T22:52:10.653+07:00,49078019918800,49078043562600,23.644
62,1787500330884492100,2026-08-23T22:52:10.884+07:00,49078292076800,49078349578400,57.502
63,1787500331191646200,2026-08-23T22:52:11.191+07:00,49078534228900,49078549088700,14.860
64,1787500331439326000,2026-08-23T22:52:11.439+07:00,49078851600200,49078890513300,38.913
65,1787500331687344700,2026-08-23T22:52:11.687+07:00,49079073241900,49079127061200,53.819
66,1787500331926617600,2026-08-23T22:52:11.926+07:00,49079368329500,49079366871400,1.458
67,1787500332149866300,2026-08-23T22:52:12.149+07:00,49079517481900,49079600395200,82.913
68,1787500332448995000,2026-08-23T22:52:12.449+07:00,49079801817100,49079806338000,4.521
69,1787500332716030200,2026-08-23T22:52:12.716+07:00,49080102242400,49080139782700,37.540
70,1787500333079881700,2026-08-23T22:52:13.079+07:00,49080395057000,49080409984400,14.927
71,1787500333354482100,2026-08-23T22:52:13.354+07:00,49080734521500,49080779817800,45.296
72,1787500333626471500,2026-08-23T22:52:13.626+07:00,49081008431600,49081052622900,44.191
73,1787500333936451000,2026-08-23T22:52:13.936+07:00,49081302707000,49081326591500,23.884
74,1787500334214311400,2026-08-23T22:52:14.214+07:00,49081604762900,49081628024300,23.261
75,1787500334595705900,2026-08-23T22:52:14.595+07:00,49081993418100,49081894256000,99.162
76,1787500334936277400,2026-08-23T22:52:14.936+07:00,49082285564900,49082267598800,17.966
77,1787500335189475700,2026-08-23T22:52:15.189+07:00,49082552715200,49082610809200,58.094
78,1787500335459511200,2026-08-23T22:52:15.459+07:00,49082883984700,49082870206700,13.778
79,1787500335744351700,2026-08-23T22:52:15.744+07:00,49083189660200,49083143029400,46.631
80,1787500335993903300,2026-08-23T22:52:15.993+07:00,49083441975800,49083424356800,17.619
81,1787500336240651700,2026-08-23T22:52:16.240+07:00,49083667702300,49083686274100,18.572
82,1787500336458505800,2026-08-23T22:52:16.458+07:00,49083896788400,49083926088700,29.300
83,1787500336698675700,2026-08-23T22:52:16.698+07:00,49084148551000,49084125318900,23.232
84,1787500336945563300,2026-08-23T22:52:16.945+07:00,49084379234100,49084363643800,15.590
85,1787500337171414500,2026-08-23T22:52:17.171+07:00,49084604008700,49084627036600,23.028
86,1787500337440373800,2026-08-23T22:52:17.440+07:00,49084859300800,49084832534200,26.767
87,1787500337694346000,2026-08-23T22:52:17.694+07:00,49085143854700,49085143561500,0.293
88,1787500337939724200,2026-08-23T22:52:17.939+07:00,49085381160100,49085378542900,2.617
89,1787500338176079900,2026-08-23T22:52:18.176+07:00,49085625904600,49085611492600,14.412
90,1787500338426373000,2026-08-23T22:52:18.426+07:00,49085787252600,49085846770800,59.518
91,1787500338699652000,2026-08-23T22:52:18.699+07:00,49086116322800,49086117893900,1.571
92,1787500339046625800,2026-08-23T22:52:19.046+07:00,49086497986900,49086495615400,2.372
93,1787500339325089500,2026-08-23T22:52:19.325+07:00,49086652595800,49086727614100,75.018
94,1787500339579646500,2026-08-23T22:52:19.579+07:00,49087010816300,49086996840600,13.976
95,1787500339874769100,2026-08-23T22:52:19.874+07:00,49087241429200,49087269562400,28.133
96,1787500340179336700,2026-08-23T22:52:20.179+07:00,49087524994900,49087540821200,15.826
97,1787500340470176000,2026-08-23T22:52:20.470+07:00,49087880811600,49087880343500,0.468
98,1787500340735129900,2026-08-23T22:52:20.735+07:00,49088152153900,49088148931300,3.223
99,1787500341047695500,2026-08-23T22:52:21.047+07:00,49088392917600,49088416079500,23.162
100,1787500341350424200,2026-08-23T22:52:21.350+07:00,49088628304800,49088724821900,96.517
101,1787500341621670100,2026-08-23T22:52:21.621+07:00,49089043759100,49089034421200,9.338
102,1787500341898471200,2026-08-23T22:52:21.898+07:00,49089242816900,49089296091300,53.274
103,1787500342168677700,2026-08-23T22:52:22.168+07:00,49089581052500,49089597720500,16.668
104,1787500342573476700,2026-08-23T22:52:22.573+07:00,49089906676200,49089840720500,65.956
105,1787500342850647600,2026-08-23T22:52:22.850+07:00,49090257952200,49090245608600,12.344
106,1787500343135463200,2026-08-23T22:52:23.135+07:00,49090552442900,49090551858800,0.584
107,1787500343479307700,2026-08-23T22:52:23.479+07:00,49090837917600,49090819450900,18.467
108,1787500343776739700,2026-08-23T22:52:23.776+07:00,49091176532700,49091187839500,11.307
109,1787500344071897000,2026-08-23T22:52:24.071+07:00,49091464935600,49091461607900,3.328
110,1787500344415583300,2026-08-23T22:52:24.415+07:00,49091757125200,49091780957500,23.832
111,1787500344720725300,2026-08-23T22:52:24.720+07:00,49092105850700,49092134849900,28.999
112,1787500345031438800,2026-08-23T22:52:25.031+07:00,49092371442100,49092420417000,48.975
113,1787500345372677100,2026-08-23T22:52:25.372+07:00,49092716528700,49092740163300,23.635
114,1787500345707651900,2026-08-23T22:52:25.707+07:00,49093074961200,49093060319200,14.642
115,1787500346013339600,2026-08-23T22:52:26.013+07:00,49093401168000,49093420683800,19.516
116,1787500346310169300,2026-08-23T22:52:26.310+07:00,49093657836500,49093718867500,61.031
117,1787500346628097300,2026-08-23T22:52:26.628+07:00,49094002666200,49094023291100,20.625
118,1787500346935931000,2026-08-23T22:52:26.935+07:00,49094336314300,49094323614700,12.700
119,1787500347225487700,2026-08-23T22:52:27.225+07:00,49094643142500,49094638402300,4.740
120,1787500347566560400,2026-08-23T22:52:27.566+07:00,49094858311000,49094931281300,72.970
121,1787500347860609100,2026-08-23T22:52:27.860+07:00,49095209489100,49095186047200,23.442
122,1787500348208554500,2026-08-23T22:52:28.208+07:00,49095568296900,49095564764100,3.533
123,1787500348555356300,2026-08-23T22:52:28.555+07:00,49095919856600,49095936534800,16.678
124,1787500349052533500,2026-08-23T22:52:29.052+07:00,49096359650900,49096260052400,99.599
125,1787500349353165400,2026-08-23T22:52:29.353+07:00,49096613519000,49096729271600,115.753
126,1787500349638713900,2026-08-23T22:52:29.638+07:00,49097059885900,49097031317100,28.569
127,1787500349930231500,2026-08-23T22:52:29.930+07:00,49097314048600,49097332744100,18.695
128,1787500350232310000,2026-08-23T22:52:30.232+07:00,49097555870200,49097639490500,83.620
129,1787500350519482700,2026-08-23T22:52:30.519+07:00,49097812865100,49097918668200,105.803
130,1787500350810752800,2026-08-23T22:52:30.810+07:00,49098151178800,49098216645500,65.467
131,1787500351262881700,2026-08-23T22:52:31.262+07:00,49098687324900,49098656480300,30.845
132,1787500351541413400,2026-08-23T22:52:31.541+07:00,49098947052300,49098958367100,11.315
133,1787500351822814900,2026-08-23T22:52:31.822+07:00,49099206062200,49099228837400,22.775
134,1787500352128692000,2026-08-23T22:52:32.128+07:00,49099467648300,49099530595000,62.947
135,1787500352423272600,2026-08-23T22:52:32.423+07:00,49099830020200,49099844543400,14.523
136,1787500352769995300,2026-08-23T22:52:32.770+07:00,49100103561800,49100109172700,5.611
137,1787500353079780700,2026-08-23T22:52:33.079+07:00,49100479660800,49100480033300,0.372
138,1787500353455498300,2026-08-23T22:52:33.455+07:00,49100857032500,49100779811500,77.221
139,1787500353750531400,2026-08-23T22:52:33.750+07:00,49101039209500,49101154396200,115.187
140,1787500354057492800,2026-08-23T22:52:34.057+07:00,49101461675000,49101459925600,1.749
141,1787500354399328000,2026-08-23T22:52:34.399+07:00,49101794758000,49101759885500,34.873
142,1787500354745970700,2026-08-23T22:52:34.745+07:00,49102102203000,49102101905200,0.298
143,1787500355048379400,2026-08-23T22:52:35.048+07:00,49102438836100,49102436707600,2.128
144,1787500355360792400,2026-08-23T22:52:35.360+07:00,49102744914500,49102740955600,3.959
145,1787500355695942400,2026-08-23T22:52:35.695+07:00,49102996086900,49103043469800,47.383
146,1787500355983941200,2026-08-23T22:52:35.983+07:00,49103351713100,49103383450100,31.737
147,1787500356299465900,2026-08-23T22:52:36.299+07:00,49103715833300,49103688769300,27.064
148,1787500356592460700,2026-08-23T22:52:36.592+07:00,49103964183400,49103989634500,25.451
149,1787500356864465100,2026-08-23T22:52:36.864+07:00,49104276898600,49104294208800,17.310
150,1787500357157508000,2026-08-23T22:52:37.157+07:00,49104523747800,49104559138600,35.391
151,1787500357448232200,2026-08-23T22:52:37.448+07:00,49104841405400,49104832256300,9.149
152,1787500357745722100,2026-08-23T22:52:37.745+07:00,49105134008600,49105140917000,6.908
153,1787500358087488300,2026-08-23T22:52:38.087+07:00,49105416168500,49105448430200,32.262
154,1787500358376025300,2026-08-23T22:52:38.376+07:00,49105765525800,49105787850400,22.325
155,1787500358642392700,2026-08-23T22:52:38.642+07:00,49106071238800,49106083312000,12.073
156,1787500358961431400,2026-08-23T22:52:38.961+07:00,49106335302200,49106347775900,12.474
157,1787500359246304000,2026-08-23T22:52:39.246+07:00,49106649715600,49106658275400,8.560
158,1787500359592004800,2026-08-23T22:52:39.592+07:00,49106905351300,49106931960700,26.609
159,1787500359853992000,2026-08-23T22:52:39.854+07:00,49107224644700,49107301823800,77.179
160,1787500360130468700,2026-08-23T22:52:40.130+07:00,49107566898800,49107536458300,30.441
161,1787500360386322800,2026-08-23T22:52:40.386+07:00,49107811827300,49107837388800,25.561
162,1787500360640368400,2026-08-23T22:52:40.640+07:00,49108022016800,49108071173000,49.156
163,1787500360939046500,2026-08-23T22:52:40.939+07:00,49108246104600,49108342305300,96.201
164,1787500361193087300,2026-08-23T22:52:41.193+07:00,49108578740100,49108618412700,39.673
165,1787500361444691900,2026-08-23T22:52:41.444+07:00,49108832847600,49108887675800,54.828
166,1787500361685091000,2026-08-23T22:52:41.685+07:00,49109096083600,49109129709300,33.626
167,1787500361942179600,2026-08-23T22:52:41.942+07:00,49109368676900,49109369022700,0.346
168,1787500362186318800,2026-08-23T22:52:42.186+07:00,49109644600200,49109644003100,0.597
169,1787500362457502200,2026-08-23T22:52:42.457+07:00,49109865401000,49109870615500,5.215
170,1787500362685751500,2026-08-23T22:52:42.685+07:00,49110103047800,49110152780400,49.733
171,1787500363016175500,2026-08-23T22:52:43.016+07:00,49110485608500,49110373565000,112.043
172,1787500363277254900,2026-08-23T22:52:43.277+07:00,49110675662900,49110710472400,34.809
173,1787500363526768300,2026-08-23T22:52:43.526+07:00,49110935867800,49110949259200,13.391
174,1787500363750542400,2026-08-23T22:52:43.750+07:00,49111116578300,49111220620500,104.042
175,1787500363978460600,2026-08-23T22:52:43.978+07:00,49111379199000,49111416351600,37.153
176,1787500364203684500,2026-08-23T22:52:44.203+07:00,49111667298300,49111661657900,5.640
177,1787500364446835500,2026-08-23T22:52:44.446+07:00,49111842747500,49111895481000,52.733
178,1787500364653342900,2026-08-23T22:52:44.653+07:00,49112131515300,49112131872600,0.357
179,1787500364911593800,2026-08-23T22:52:44.911+07:00,49112216019400,49112333235700,117.216
180,1787500365138034900,2026-08-23T22:52:45.138+07:00,49112579492600,49112606450600,26.958
181,1787500365394000700,2026-08-23T22:52:45.394+07:00,49112761477900,49112804182200,42.704
182,1787500365631143100,2026-08-23T22:52:45.631+07:00,49113005471300,49113073815900,68.345
183,1787500365858613000,2026-08-23T22:52:45.858+07:00,49113318593400,49113305686500,12.907
184,1787500366079809600,2026-08-23T22:52:46.079+07:00,49113491745200,49113546849400,55.104
185,1787500366286053900,2026-08-23T22:52:46.286+07:00,49113695360900,49113754188700,58.828
186,1787500366493931400,2026-08-23T22:52:46.493+07:00,49113898748300,49113948850400,50.102
187,1787500366689935600,2026-08-23T22:52:46.689+07:00,49114167220700,49114162259800,4.961
188,1787500366887855800,2026-08-23T22:52:46.887+07:00,49114356350800,49114361964900,5.614
189,1787500367079578200,2026-08-23T22:52:47.079+07:00,49114558128700,49114561451100,3.322
190,1787500367287456600,2026-08-23T22:52:47.287+07:00,49114646180500,49114761313500,115.133
191,1787500367496226300,2026-08-23T22:52:47.496+07:00,49114996954800,49114967740900,29.214
192,1787500367849176600,2026-08-23T22:52:47.849+07:00,49115337481400,49115301973900,35.508
193,1787500368167648500,2026-08-23T22:52:48.167+07:00,49115600880400,49115509622200,91.258
194,1787500368358117900,2026-08-23T22:52:48.358+07:00,49115817650900,49115844989800,27.339
195,1787500368583760500,2026-08-23T22:52:48.583+07:00,49116034103200,49116015718300,18.385
196,1787500368794674000,2026-08-23T22:52:48.794+07:00,49116259580700,49116258757000,0.824
197,1787500368998956900,2026-08-23T22:52:48.998+07:00,49116416967500,49116483486200,66.519
198,1787500369199887600,2026-08-23T22:52:49.199+07:00,49116631704600,49116675180000,43.475
199,1787500369416351500,2026-08-23T22:52:49.416+07:00,49116878985500,49116895806800,16.821
200,1787500369609675200,2026-08-23T22:52:49.609+07:00,49117110756900,49117093541800,17.215
201,1787500369791698300,2026-08-23T22:52:49.791+07:00,49117240702800,49117291386000,50.683
202,1787500369999046300,2026-08-23T22:52:49.999+07:00,49117460172100,49117467561600,7.389
203,1787500370205360400,2026-08-23T22:52:50.205+07:00,49117649427300,49117673263700,23.836
204,1787500370419623600,2026-08-23T22:52:50.419+07:00,49117838473400,49117874137900,35.664
205,1787500370610667000,2026-08-23T22:52:50.610+07:00,49118099039400,49118109354900,10.316
206,1787500370785433900,2026-08-23T22:52:50.785+07:00,49118219877200,49118280906900,61.030
207,1787500371005250300,2026-08-23T22:52:51.005+07:00,49118476343500,49118449902800,26.441
208,1787500371244052900,2026-08-23T22:52:51.244+07:00,49118580815500,49118686906300,106.091
209,1787500371426412800,2026-08-23T22:52:51.426+07:00,49118838622200,49118919857300,81.235
210,1787500371630347100,2026-08-23T22:52:51.630+07:00,49118983452300,49119087326200,103.874
211,1787500371830305400,2026-08-23T22:52:51.830+07:00,49119308310900,49119288639700,19.671
212,1787500372007150600,2026-08-23T22:52:52.007+07:00,49119483234300,49119494518600,11.284
213,1787500372209423800,2026-08-23T22:52:52.209+07:00,49119605167500,49119695979100,90.812
214,1787500372408948500,2026-08-23T22:52:52.408+07:00,49119859052300,49119865555300,6.503
215,1787500372613593200,2026-08-23T22:52:52.613+07:00,49120089031300,49120070521700,18.510
216,1787500372826021700,2026-08-23T22:52:52.826+07:00,49120287561300,49120303448400,15.887
217,1787500373027850200,2026-08-23T22:52:53.027+07:00,49120443395000,49120516586100,73.191
218,1787500373218913200,2026-08-23T22:52:53.218+07:00,49120627112800,49120683077500,55.965
219,1787500373425619000,2026-08-23T22:52:53.425+07:00,49120889320600,49120877214800,12.106
220,1787500373660362900,2026-08-23T22:52:53.660+07:00,49121104020600,49121083231100,20.790
221,1787500373853129600,2026-08-23T22:52:53.853+07:00,49121305844200,49121318206200,12.362
222,1787500374054105700,2026-08-23T22:52:54.054+07:00,49121523170600,49121523823500,0.653
223,1787500374242133800,2026-08-23T22:52:54.242+07:00,49121721862500,49121724671600,2.809
224,1787500374414498700,2026-08-23T22:52:54.414+07:00,49121880498300,49121894377800,13.880
225,1787500374616786700,2026-08-23T22:52:54.616+07:00,49122065113900,49122091009700,25.896
226,1787500374816839000,2026-08-23T22:52:54.816+07:00,49122308890600,49122297701200,11.189
227,1787500374992299500,2026-08-23T22:52:54.992+07:00,49122499443800,49122500055700,0.612
228,1787500375194457200,2026-08-23T22:52:55.194+07:00,49122663461900,49122666804400,3.342
229,1787500375398429300,2026-08-23T22:52:55.398+07:00,49122781393300,49122872536600,91.143
230,1787500375837794900,2026-08-23T22:52:55.837+07:00,49123331119000,49123321057600,10.061
231,1787500376043452200,2026-08-23T22:52:56.043+07:00,49123521001200,49123519217300,1.784
232,1787500376219500000,2026-08-23T22:52:56.219+07:00,49123697453200,49123718384700,20.931
233,1787500376421548700,2026-08-23T22:52:56.421+07:00,49123898704800,49123883361000,15.344
234,1787500376654637800,2026-08-23T22:52:56.654+07:00,49124096885300,49124087815800,9.069
235,1787500376829337700,2026-08-23T22:52:56.829+07:00,49124292186500,49124326501300,34.315
236,1787500377009208600,2026-08-23T22:52:57.009+07:00,49124509036300,49124490300700,18.736
237,1787500377206196000,2026-08-23T22:52:57.206+07:00,49124667849400,49124697310700,29.461
238,1787500377381229200,2026-08-23T22:52:57.381+07:00,49124869823100,49124866826000,2.997
239,1787500377591138100,2026-08-23T22:52:57.591+07:00,49124946250700,49125061485200,115.234
240,1787500377795386600,2026-08-23T22:52:57.795+07:00,49125266473400,49125274481600,8.008
241,1787500377968914400,2026-08-23T22:52:57.968+07:00,49125468220400,49125475451700,7.231
242,1787500378160652600,2026-08-23T22:52:58.160+07:00,49125651055600,49125644853300,6.202
243,1787500378355889300,2026-08-23T22:52:58.355+07:00,49125821178000,49125841150700,19.973
244,1787500378532344800,2026-08-23T22:52:58.532+07:00,49126048178000,49126043227400,4.951
245,1787500378723698000,2026-08-23T22:52:58.723+07:00,49126229694700,49126186157000,43.538
246,1787500378938151700,2026-08-23T22:52:58.938+07:00,49126401113000,49126383687900,17.425
247,1787500379138530800,2026-08-23T22:52:59.138+07:00,49126583009400,49126625328700,42.319
248,1787500379345811500,2026-08-23T22:52:59.345+07:00,49126756318500,49126827930800,71.612
249,1787500379548259500,2026-08-23T22:52:59.548+07:00,49126934463800,49127024121300,89.657
250,1787500379729486000,2026-08-23T22:52:59.729+07:00,49127202451400,49127228452500,26.001
251,1787500379898460400,2026-08-23T22:52:59.898+07:00,49127397449500,49127403670200,6.221
252,1787500380073168700,2026-08-23T22:53:00.073+07:00,49127568748900,49127569415000,0.666
253,1787500380251740000,2026-08-23T22:53:00.251+07:00,49127718927300,49127735188700,16.261
254,1787500380444871800,2026-08-23T22:53:00.444+07:00,49127909990300,49127941262700,31.272
255,1787500380621929500,2026-08-23T22:53:00.621+07:00,49128048502400,49128109440300,60.938
256,1787500380797965700,2026-08-23T22:53:00.797+07:00,49128259327100,49128312400000,53.073
257,1787500381018422300,2026-08-23T22:53:01.018+07:00,49128489542000,49128489778400,0.236
258,1787500381217890300,2026-08-23T22:53:01.217+07:00,49128690506500,49128690830400,0.324
259,1787500381385235600,2026-08-23T22:53:01.385+07:00,49128824531700,49128888379000,63.847
260,1787500381570148400,2026-08-23T22:53:01.570+07:00,49129049280800,49129053936000,4.655
261,1787500381745037400,2026-08-23T22:53:01.745+07:00,49129205333800,49129223937500,18.604
262,1787500381911955100,2026-08-23T22:53:01.911+07:00,49129362174400,49129395759200,33.585
263,1787500382100144400,2026-08-23T22:53:02.100+07:00,49129577705300,49129591767000,14.062
264,1787500382277347100,2026-08-23T22:53:02.277+07:00,49129779205300,49129772732200,6.473
265,1787500382522851200,2026-08-23T22:53:02.522+07:00,49130031500000,49130001963600,29.536
266,1787500382765989700,2026-08-23T22:53:02.766+07:00,49130271972900,49130198097100,73.876
267,1787500382943346200,2026-08-23T22:53:02.943+07:00,49130445314300,49130450422800,5.109
268,1787500383150389500,2026-08-23T22:53:03.150+07:00,49130579025300,49130602732500,23.707
269,1787500383344251500,2026-08-23T22:53:03.344+07:00,49130824068700,49130803447200,20.622
270,1787500383539208900,2026-08-23T22:53:03.539+07:00,49131022688400,49131016748100,5.940
271,1787500383723783400,2026-08-23T22:53:03.723+07:00,49131103674900,49131214045300,110.370
272,1787500383903993800,2026-08-23T22:53:03.904+07:00,49131383921500,49131414215300,30.294
273,1787500384165180400,2026-08-23T22:53:04.165+07:00,49131660665900,49131656059600,4.606
274,1787500384355580400,2026-08-23T22:53:04.355+07:00,49131834234300,49131827452800,6.782
275,1787500384545209100,2026-08-23T22:53:04.545+07:00,49131990324200,49132026164500,35.840
276,1787500384728053000,2026-08-23T22:53:04.728+07:00,49132133182800,49132194589300,61.407
277,1787500385067591900,2026-08-23T22:53:05.067+07:00,49132553886500,49132532742000,21.145
278,1787500385248113200,2026-08-23T22:53:05.248+07:00,49132712841200,49132733253800,20.413
279,1787500385431213400,2026-08-23T22:53:05.431+07:00,49132910781400,49132935642400,24.861
280,1787500385618359700,2026-08-23T22:53:05.618+07:00,49133112819200,49133106654500,6.165
281,1787500385805989000,2026-08-23T22:53:05.805+07:00,49133224359300,49133275786700,51.427
282,1787500385995874300,2026-08-23T22:53:05.995+07:00,49133430430600,49133482933700,52.503
283,1787500386190310600,2026-08-23T22:53:06.190+07:00,49133638725000,49133686656000,47.931
284,1787500386369777400,2026-08-23T22:53:06.369+07:00,49133872433600,49133883093700,10.660
285,1787500386548099700,2026-08-23T22:53:06.548+07:00,49134029737100,49134048456500,18.719
286,1787500386726164300,2026-08-23T22:53:06.726+07:00,49134220316600,49134220543700,0.227
287,1787500386896036800,2026-08-23T22:53:06.896+07:00,49134392028100,49134391810800,0.217
288,1787500387079252900,2026-08-23T22:53:07.079+07:00,49134502502300,49134560182400,57.680
289,1787500387294058000,2026-08-23T22:53:07.294+07:00,49134737636600,49134761816700,24.180
290,1787500387481890100,2026-08-23T22:53:07.481+07:00,49134968757700,49134968965800,0.208
291,1787500387667980000,2026-08-23T22:53:07.667+07:00,49135175429700,49135174976600,0.453
292,1787500387857978800,2026-08-23T22:53:07.857+07:00,49135349438100,49135336424500,13.014
293,1787500388037061800,2026-08-23T22:53:08.037+07:00,49135515824300,49135509772000,6.052
294,1787500388237245300,2026-08-23T22:53:08.237+07:00,49135719563900,49135716295300,3.269
295,1787500388498784200,2026-08-23T22:53:08.498+07:00,49135933153200,49135914905700,18.247
296,1787500388702744100,2026-08-23T22:53:08.702+07:00,49136167846400,49136181372700,13.526
297,1787500388900266500,2026-08-23T22:53:08.900+07:00,49136364862400,49136383564500,18.702
298,1787500389086403600,2026-08-23T22:53:09.086+07:00,49136548769900,49136587588800,38.819
299,1787500389278413100,2026-08-23T22:53:09.278+07:00,49136725258900,49136752653200,27.394
300,1787500389457755800,2026-08-23T22:53:09.457+07:00,49136949299800,49136958604000,9.304
301,1787500389666960400,2026-08-23T22:53:09.666+07:00,49137136782800,49137133675100,3.108
302,1787500389865320800,2026-08-23T22:53:09.865+07:00,49137328619500,49137335204200,6.585
303,1787500390054138000,2026-08-23T22:53:10.054+07:00,49137553053500,49137531100400,21.953
304,1787500390277843600,2026-08-23T22:53:10.277+07:00,49137722631100,49137737319500,14.688
305,1787500390480527200,2026-08-23T22:53:10.480+07:00,49137908235000,49137970973300,62.738
306,1787500390671468700,2026-08-23T22:53:10.671+07:00,49138172701700,49138151002900,21.699
307,1787500390853361100,2026-08-23T22:53:10.853+07:00,49138343056400,49138349238900,6.183
308,1787500391035940100,2026-08-23T22:53:11.035+07:00,49138497868000,49138515928900,18.061
309,1787500391216254500,2026-08-23T22:53:11.216+07:00,49138708787800,49138718058900,9.271
310,1787500391420988600,2026-08-23T22:53:11.421+07:00,49138871578900,49138881636100,10.057
311,1787500391614757300,2026-08-23T22:53:11.614+07:00,49139093826800,49139088794400,5.032
312,1787500391803841500,2026-08-23T22:53:11.803+07:00,49139300599800,49139287918800,12.681
313,1787500392016593100,2026-08-23T22:53:12.016+07:00,49139491282200,49139492193800,0.912
314,1787500392224904900,2026-08-23T22:53:12.224+07:00,49139701465700,49139700636200,0.830
315,1787500392435701900,2026-08-23T22:53:12.435+07:00,49139880623600,49139930734400,50.111
316,1787500392640892000,2026-08-23T22:53:12.640+07:00,49140040909400,49140101898100,60.989
317,1787500392853659100,2026-08-23T22:53:12.853+07:00,49140327292000,49140323865900,3.426
318,1787500393053165600,2026-08-23T22:53:13.053+07:00,49140482652300,49140512154900,29.503
319,1787500393353705900,2026-08-23T22:53:13.353+07:00,49140842304900,49140743917100,98.388
320,1787500393552814000,2026-08-23T22:53:13.552+07:00,49140962857700,49141008592700,45.735
321,1787500393741456500,2026-08-23T22:53:13.741+07:00,49141216734000,49141223576800,6.843
322,1787500393949546700,2026-08-23T22:53:13.949+07:00,49141380289800,49141418622800,38.333
323,1787500394162975800,2026-08-23T22:53:14.162+07:00,49141621088200,49141619389800,1.698
324,1787500394377449600,2026-08-23T22:53:14.377+07:00,49141863238300,49141863526100,0.288
325,1787500394592339100,2026-08-23T22:53:14.592+07:00,49142042343500,49142058525200,16.182
326,1787500394799820900,2026-08-23T22:53:14.799+07:00,49142288436700,49142266353400,22.083
327,1787500395008026900,2026-08-23T22:53:15.008+07:00,49142398866300,49142497124700,98.258
328,1787500395204936200,2026-08-23T22:53:15.204+07:00,49142678130100,49142668561800,9.568
329,1787500395430815000,2026-08-23T22:53:15.430+07:00,49142880943800,49142874494100,6.450
330,1787500395645184200,2026-08-23T22:53:15.645+07:00,49143114938400,49143113566400,1.372
331,1787500395866758900,2026-08-23T22:53:15.866+07:00,49143296022300,49143311584000,15.562
332,1787500396077841900,2026-08-23T22:53:16.077+07:00,49143554240400,49143551006900,3.233
333,1787500396281200900,2026-08-23T22:53:16.281+07:00,49143768159400,49143751552700,16.607
334,1787500396490064400,2026-08-23T22:53:16.490+07:00,49143905488500,49143951450900,45.962
335,1787500396719874000,2026-08-23T22:53:16.719+07:00,49144193073100,49144182897800,10.175
336,1787500396948299900,2026-08-23T22:53:16.948+07:00,49144408051300,49144387116400,20.935
337,1787500397183352100,2026-08-23T22:53:17.183+07:00,49144521226800,49144623545900,102.319
338,1787500397491415400,2026-08-23T22:53:17.491+07:00,49144923898700,49144868535800,55.363
339,1787500397789641600,2026-08-23T22:53:17.789+07:00,49145195614700,49145172174000,23.441
340,1787500398056294100,2026-08-23T22:53:18.056+07:00,49145404190000,49145481930100,77.740
341,1787500398306454100,2026-08-23T22:53:18.306+07:00,49145664560400,49145746144300,81.584
342,1787500398567083200,2026-08-23T22:53:18.567+07:00,49145956266800,49145980967400,24.701
343,1787500398861312800,2026-08-23T22:53:18.861+07:00,49146306647500,49146280209300,26.438
344,1787500399125779700,2026-08-23T22:53:19.125+07:00,49146525670200,49146558928800,33.259
345,1787500399377284400,2026-08-23T22:53:19.377+07:00,49146795328200,49146819771300,24.443
346,1787500399691440900,2026-08-23T22:53:19.691+07:00,49147131517300,49147131459600,0.058
347,1787500399946633900,2026-08-23T22:53:19.946+07:00,49147370766700,49147371073900,0.307
348,1787500400191306600,2026-08-23T22:53:20.191+07:00,49147652920300,49147638869200,14.051
349,1787500400455656100,2026-08-23T22:53:20.455+07:00,49147887825000,49147877936900,9.888
350,1787500400712567000,2026-08-23T22:53:20.712+07:00,49148140412400,49148146054300,5.642
351,1787500400963908900,2026-08-23T22:53:20.963+07:00,49148349843900,49148414827000,64.983
352,1787500401220081000,2026-08-23T22:53:21.220+07:00,49148596177200,49148657424800,61.248
353,1787500401486680500,2026-08-23T22:53:21.486+07:00,49148926984000,49148926635500,0.348
354,1787500401730297100,2026-08-23T22:53:21.730+07:00,49149070147800,49149151419500,81.272
355,1787500401985900500,2026-08-23T22:53:21.985+07:00,49149423784400,49149429535700,5.751
356,1787500402237036200,2026-08-23T22:53:22.237+07:00,49149635933000,49149657471400,21.538
357,1787500402483628100,2026-08-23T22:53:22.483+07:00,49149808665600,49149925399700,116.734
358,1787500402737347000,2026-08-23T22:53:22.737+07:00,49150131972500,49150169360400,37.388
359,1787500402992090200,2026-08-23T22:53:22.992+07:00,49150433931300,49150409435500,24.496
360,1787500403280998700,2026-08-23T22:53:23.281+07:00,49150625749400,49150678285300,52.536
361,1787500403538936600,2026-08-23T22:53:23.538+07:00,49150970923100,49150974334800,3.412
362,1787500403798546500,2026-08-23T22:53:23.798+07:00,49151233607400,49151217859600,15.748
363,1787500404084859000,2026-08-23T22:53:24.084+07:00,49151509982900,49151485959000,24.024
364,1787500404377986300,2026-08-23T22:53:24.377+07:00,49151774269600,49151762941700,11.328
365,1787500404645369700,2026-08-23T22:53:24.645+07:00,49152061321200,49152066276000,4.955
366,1787500404902985200,2026-08-23T22:53:24.902+07:00,49152345776100,49152342021700,3.754
367,1787500405160535600,2026-08-23T22:53:25.160+07:00,49152573342400,49152604468700,31.126
368,1787500405466669500,2026-08-23T22:53:25.466+07:00,49152854513800,49152872162200,17.648
369,1787500405736420900,2026-08-23T22:53:25.736+07:00,49153139863400,49153172950200,33.087
370,1787500406044337800,2026-08-23T22:53:26.044+07:00,49153386640200,49153410990900,24.351
371,1787500406327992900,2026-08-23T22:53:26.328+07:00,49153759431500,49153714160700,45.271
372,1787500406584824500,2026-08-23T22:53:26.584+07:00,49153986298300,49154019729000,33.431
373,1787500406875295300,2026-08-23T22:53:26.875+07:00,49154242956800,49154257653200,14.696
374,1787500407134258900,2026-08-23T22:53:27.134+07:00,49154549799600,49154561504800,11.705
375,1787500407475756400,2026-08-23T22:53:27.475+07:00,49154833474200,49154837104200,3.630
376,1787500407808442000,2026-08-23T22:53:27.808+07:00,49155147195000,49155171954200,24.759
377,1787500408070431600,2026-08-23T22:53:28.070+07:00,49155515199900,49155516420500,1.221
378,1787500408326862800,2026-08-23T22:53:28.326+07:00,49155644115200,49155740826900,96.712
379,1787500408587817300,2026-08-23T22:53:28.587+07:00,49156020441500,49156025533700,5.092
380,1787500408862745400,2026-08-23T22:53:28.862+07:00,49156288766200,49156288465800,0.300
381,1787500409132634300,2026-08-23T22:53:29.132+07:00,49156573262200,49156555234800,18.027
382,1787500409457418300,2026-08-23T22:53:29.457+07:00,49156796142900,49156824390600,28.248
383,1787500409711559500,2026-08-23T22:53:29.711+07:00,49157149476600,49157138593800,10.883
384,1787500409967282000,2026-08-23T22:53:29.967+07:00,49157341802200,49157397711000,55.909
385,1787500410226206300,2026-08-23T22:53:30.226+07:00,49157634377500,49157669967000,35.590
386,1787500410532853200,2026-08-23T22:53:30.532+07:00,49157896411900,49157906949900,10.538
387,1787500410795163400,2026-08-23T22:53:30.795+07:00,49158239264200,49158213651400,25.613
388,1787500411047084300,2026-08-23T22:53:31.047+07:00,49158389532500,49158484957300,95.425
389,1787500411302941500,2026-08-23T22:53:31.302+07:00,49158704981100,49158748698000,43.717
390,1787500411554680200,2026-08-23T22:53:31.554+07:00,49159001935300,49158987724600,14.211
391,1787500411819260200,2026-08-23T22:53:31.819+07:00,49159237864700,49159255754000,17.889
392,1787500412070550200,2026-08-23T22:53:32.070+07:00,49159471151800,49159492360400,21.209
393,1787500412318842300,2026-08-23T22:53:32.318+07:00,49159720341400,49159762231000,41.890
394,1787500412574714600,2026-08-23T22:53:32.574+07:00,49159981936200,49160000769800,18.834
395,1787500412824190200,2026-08-23T22:53:32.824+07:00,49160252728700,49160272635900,19.907
396,1787500413066330000,2026-08-23T22:53:33.066+07:00,49160503374600,49160507656500,4.282
397,1787500413323368500,2026-08-23T22:53:33.323+07:00,49160753233000,49160744386100,8.847
398,1787500413579852100,2026-08-23T22:53:33.579+07:00,49161023166500,49161014995500,8.171
399,1787500413837314400,2026-08-23T22:53:33.837+07:00,49161261228500,49161285459300,24.231
400,1787500414081414100,2026-08-23T22:53:34.081+07:00,49161507552800,49161521879600,14.327
401,1787500414323855100,2026-08-23T22:53:34.323+07:00,49161746223700,49161786739500,40.516
402,1787500414577271400,2026-08-23T22:53:34.577+07:00,49161975116500,49161987282900,12.166
403,1787500414827093100,2026-08-23T22:53:34.827+07:00,49162254973600,49162260316600,5.343
404,1787500415084930500,2026-08-23T22:53:35.084+07:00,49162523446100,49162498761900,24.684
405,1787500415346994000,2026-08-23T22:53:35.347+07:00,49162783867900,49162781483500,2.384
406,1787500415597277000,2026-08-23T22:53:35.597+07:00,49163009540500,49163039516300,29.976
407,1787500415847285100,2026-08-23T22:53:35.847+07:00,49163281448800,49163279100400,2.348
408,1787500416144389900,2026-08-23T22:53:36.144+07:00,49163523605000,49163547729900,24.125
409,1787500416397728100,2026-08-23T22:53:36.397+07:00,49163846264800,49163818156400,28.108
410,1787500416658967500,2026-08-23T22:53:36.658+07:00,49164067723600,49164088827100,21.104
411,1787500416959768400,2026-08-23T22:53:36.959+07:00,49164364641800,49164353053700,11.588
412,1787500417213191000,2026-08-23T22:53:37.213+07:00,49164649078800,49164659530200,10.451
413,1787500417466987600,2026-08-23T22:53:37.467+07:00,49164906510800,49164904915300,1.595
414,1787500417726976100,2026-08-23T22:53:37.726+07:00,49165141026100,49165168558700,27.533
415,1787500418052143000,2026-08-23T22:53:38.052+07:00,49165447238500,49165405871700,41.367
416,1787500418319006800,2026-08-23T22:53:38.319+07:00,49165736861300,49165757406300,20.545
417,1787500418642771500,2026-08-23T22:53:38.642+07:00,49165993153700,49166008363500,15.210
418,1787500418918130500,2026-08-23T22:53:38.918+07:00,49166314851200,49166354925300,40.074
419,1787500419175287500,2026-08-23T22:53:39.175+07:00,49166621666000,49166607013600,14.652
420,1787500419484601400,2026-08-23T22:53:39.484+07:00,49166884586800,49166859925800,24.661
421,1787500419743116300,2026-08-23T22:53:39.743+07:00,49167171355800,49167160612800,10.743
422,1787500419995464900,2026-08-23T22:53:39.995+07:00,49167438602500,49167408249500,30.353
423,1787500420273229600,2026-08-23T22:53:40.273+07:00,49167680039800,49167712468200,32.428
424,1787500420536381700,2026-08-23T22:53:40.536+07:00,49167976945400,49167956017300,20.928
425,1787500420790176500,2026-08-23T22:53:40.790+07:00,49168145098100,49168212585900,67.488
426,1787500421046848500,2026-08-23T22:53:41.046+07:00,49168495357100,49168454831900,40.525
427,1787500421354714600,2026-08-23T22:53:41.354+07:00,49168735684100,49168714996300,20.688
428,1787500421592530600,2026-08-23T22:53:41.592+07:00,49168979147900,49169053684700,74.537
429,1787500421823665800,2026-08-23T22:53:41.823+07:00,49169240768800,49169263471800,22.703
430,1787500422057639000,2026-08-23T22:53:42.057+07:00,49169523719400,49169516103400,7.616
431,1787500422286026800,2026-08-23T22:53:42.286+07:00,49169752022900,49169760623700,8.601
432,1787500422511963900,2026-08-23T22:53:42.511+07:00,49169973861600,49169953280900,20.581
433,1787500422727490700,2026-08-23T22:53:42.727+07:00,49170174595900,49170212577900,37.982
434,1787500422944422600,2026-08-23T22:53:42.944+07:00,49170370895200,49170411067500,40.172
435,1787500423174137900,2026-08-23T22:53:43.174+07:00,49170626096100,49170608224200,17.872
436,1787500423388903800,2026-08-23T22:53:43.388+07:00,49170774598500,49170858860100,84.262
437,1787500423605350400,2026-08-23T22:53:43.605+07:00,49171038143600,49171059786300,21.643
438,1787500423824260300,2026-08-23T22:53:43.824+07:00,49171285346000,49171259640400,25.706
439,1787500424041451900,2026-08-23T22:53:44.041+07:00,49171485491300,49171515799700,30.308
440,1787500424248734200,2026-08-23T22:53:44.248+07:00,49171746757100,49171711552800,35.204
441,1787500424467868100,2026-08-23T22:53:44.467+07:00,49171934743200,49171914074900,20.668
442,1787500424695227300,2026-08-23T22:53:44.695+07:00,49172125839600,49172161994200,36.155
443,1787500424900051100,2026-08-23T22:53:44.900+07:00,49172389546100,49172361482900,28.063
444,1787500425116724000,2026-08-23T22:53:45.116+07:00,49172522025600,49172559285400,37.260
445,1787500425331686800,2026-08-23T22:53:45.331+07:00,49172814013900,49172766067600,47.946
446,1787500425561886100,2026-08-23T22:53:45.561+07:00,49173026232500,49173016193300,10.039
447,1787500425813331000,2026-08-23T22:53:45.813+07:00,49173263865900,49173263307300,0.559
448,1787500426068786700,2026-08-23T22:53:46.068+07:00,49173497847800,49173517397700,19.550
449,1787500426396413500,2026-08-23T22:53:46.396+07:00,49173694315600,49173763504600,69.189
450,1787500426655957300,2026-08-23T22:53:46.655+07:00,49174085316900,49174068455500,16.861
451,1787500426989175000,2026-08-23T22:53:46.989+07:00,49174460618600,49174363068400,97.550
452,1787500427227923200,2026-08-23T22:53:47.227+07:00,49174687436100,49174662965000,24.471
453,1787500427442240400,2026-08-23T22:53:47.442+07:00,49174928893100,49174913249000,15.644
454,1787500427663620200,2026-08-23T22:53:47.663+07:00,49175132865100,49175108047800,24.817
455,1787500427895217300,2026-08-23T22:53:47.895+07:00,49175348248100,49175351661800,3.414
456,1787500428136564600,2026-08-23T22:53:48.136+07:00,49175486442800,49175597168100,110.725
457,1787500428358271300,2026-08-23T22:53:48.358+07:00,49175815379100,49175800551000,14.828
458,1787500428550855000,2026-08-23T22:53:48.550+07:00,49176021342300,49176025669700,4.327
459,1787500428739984200,2026-08-23T22:53:48.739+07:00,49176130191300,49176229222500,99.031
460,1787500428938031300,2026-08-23T22:53:48.938+07:00,49176360139300,49176405657500,45.518
461,1787500429132562500,2026-08-23T22:53:49.132+07:00,49176613743900,49176611907200,1.837
462,1787500429337833700,2026-08-23T22:53:49.337+07:00,49176705297500,49176813046600,107.749
463,1787500429538407600,2026-08-23T22:53:49.538+07:00,49176930999800,49177017014800,86.015
464,1787500429788177200,2026-08-23T22:53:49.788+07:00,49177294219400,49177224648400,69.571
465,1787500429969899800,2026-08-23T22:53:49.969+07:00,49177421906200,49177447866100,25.960
466,1787500430228548000,2026-08-23T22:53:50.228+07:00,49177566838600,49177652749500,85.911
467,1787500430464727300,2026-08-23T22:53:50.464+07:00,49177890352900,49177923442000,33.089
468,1787500430756678700,2026-08-23T22:53:50.756+07:00,49178187848200,49178157892700,29.956
469,1787500431008462800,2026-08-23T22:53:51.008+07:00,49178350526800,49178430466500,79.940
470,1787500431245353600,2026-08-23T22:53:51.245+07:00,49178682154800,49178700721300,18.567
471,1787500431511742400,2026-08-23T22:53:51.511+07:00,49178961823700,49178933678500,28.145
472,1787500431751849100,2026-08-23T22:53:51.751+07:00,49179174972500,49179203440200,28.468
473,1787500431986242500,2026-08-23T22:53:51.986+07:00,49179394134400,49179445782800,51.648
474,1787500432255473600,2026-08-23T22:53:52.255+07:00,49179664207000,49179680540800,16.334
475,1787500432477815000,2026-08-23T22:53:52.477+07:00,49179944845500,49179946881800,2.036
476,1787500432689947000,2026-08-23T22:53:52.689+07:00,49180122895000,49180150542800,27.648
477,1787500432911415200,2026-08-23T22:53:52.911+07:00,49180318990600,49180353148900,34.158
478,1787500433148345100,2026-08-23T22:53:53.148+07:00,49180522399500,49180588758000,66.359
479,1787500433548810100,2026-08-23T22:53:53.548+07:00,49181038191300,49181025982800,12.209
480,1787500433775857300,2026-08-23T22:53:53.775+07:00,49181200811400,49181229409800,28.598
481,1787500434022606500,2026-08-23T22:53:54.022+07:00,49181508463900,49181465800500,42.663
482,1787500434229026900,2026-08-23T22:53:54.229+07:00,49181642049100,49181704633700,62.585
483,1787500434477565500,2026-08-23T22:53:54.477+07:00,49181945906600,49181908031100,37.876
484,1787500434690502800,2026-08-23T22:53:54.690+07:00,49182160603200,49182144800200,15.803
485,1787500434896218200,2026-08-23T22:53:54.896+07:00,49182270760400,49182350118700,79.358
486,1787500435093903700,2026-08-23T22:53:55.093+07:00,49182473037500,49182549772000,76.734
487,1787500435316392500,2026-08-23T22:53:55.316+07:00,49182768793900,49182785920000,17.126
488,1787500435541772000,2026-08-23T22:53:55.541+07:00,49183016279100,49182992164000,24.115
489,1787500435747105300,2026-08-23T22:53:55.747+07:00,49183112898300,49183222704300,109.806
490,1787500435964334600,2026-08-23T22:53:55.964+07:00,49183409460000,49183432004400,22.544
491,1787500436185902500,2026-08-23T22:53:56.185+07:00,49183640026600,49183635459700,4.567
492,1787500436422654100,2026-08-23T22:53:56.422+07:00,49183855223800,49183835746800,19.477
493,1787500436640588800,2026-08-23T22:53:56.640+07:00,49184061847600,49184105337600,43.490
494,1787500436987445000,2026-08-23T22:53:56.987+07:00,49184472297500,49184441379300,30.918
495,1787500437241336500,2026-08-23T22:53:57.241+07:00,49184670241000,49184680954500,10.713
496,1787500437447226000,2026-08-23T22:53:57.447+07:00,49184900788300,49184911255100,10.467
497,1787500437650035400,2026-08-23T22:53:57.650+07:00,49185092079700,49185115941900,23.862
498,1787500437971464000,2026-08-23T22:53:57.971+07:00,49185465202600,49185453419800,11.783
499,1787500438298004500,2026-08-23T22:53:58.298+07:00,49185795969800,49185795907600,0.062
500,1787500438506646600,2026-08-23T22:53:58.506+07:00,49185988594800,49185959586200,29.009
501,1787500438699162500,2026-08-23T22:53:58.699+07:00,49186134054400,49186199553300,65.499
502,1787500439056827100,2026-08-23T22:53:59.056+07:00,49186551988300,49186539946000,12.042
503,1787500439238230000,2026-08-23T22:53:59.238+07:00,49186627570200,49186705222800,77.653
504,1787500439434246500,2026-08-23T22:53:59.434+07:00,49186897041100,49186909779600,12.739
505,1787500439694192400,2026-08-23T22:53:59.694+07:00,49187178663200,49187108372100,70.291
506,1787500439900139000,2026-08-23T22:53:59.900+07:00,49187360210900,49187383756300,23.545
507,1787500440192812000,2026-08-23T22:54:00.192+07:00,49187677671500,49187584604500,93.067
508,1787500440415066200,2026-08-23T22:54:00.415+07:00,49187879683800,49187855649500,24.034
509,1787500440619367200,2026-08-23T22:54:00.619+07:00,49188067535400,49188092774300,25.239
510,1787500440804164700,2026-08-23T22:54:00.804+07:00,49188186465700,49188291734500,105.269
511,1787500441094004200,2026-08-23T22:54:01.094+07:00,49188548900100,49188494134300,54.766
512,1787500441452539800,2026-08-23T22:54:01.452+07:00,49188720228700,49188772632500,52.404
513,1787500441786847400,2026-08-23T22:54:01.786+07:00,49189171485500,49189179157300,7.672
514,1787500442047098400,2026-08-23T22:54:02.047+07:00,49189350924700,49189443361200,92.436
515,1787500442327749600,2026-08-23T22:54:02.327+07:00,49189758149900,49189727505400,30.645
516,1787500442683516700,2026-08-23T22:54:02.683+07:00,49189989504400,49190026650400,37.146
517,1787500442985824600,2026-08-23T22:54:02.985+07:00,49190372987300,49190358366600,14.621
518,1787500443287822800,2026-08-23T22:54:03.287+07:00,49190641807500,49190662860100,21.053
519,1787500443563667000,2026-08-23T22:54:03.563+07:00,49190974161000,49190966089200,8.072
520,1787500443840883100,2026-08-23T22:54:03.840+07:00,49191255487900,49191234436100,21.052
521,1787500444231803500,2026-08-23T22:54:04.231+07:00,49191525351300,49191544923600,19.572
522,1787500444573091400,2026-08-23T22:54:04.573+07:00,49191916577100,49191923067600,6.490
523,1787500445036786100,2026-08-23T22:54:05.036+07:00,49192256127800,49192260234600,4.107
524,1787500445404190200,2026-08-23T22:54:05.404+07:00,49192727206400,49192742889100,15.683
525,1787500445712996700,2026-08-23T22:54:05.713+07:00,49193049009800,49193097022600,48.013
526,1787500446100863200,2026-08-23T22:54:06.100+07:00,49193413164800,49193403774700,9.390
527,1787500446505721600,2026-08-23T22:54:06.505+07:00,49193779029600,49193815580900,36.551
528,1787500446846404200,2026-08-23T22:54:06.846+07:00,49194174146300,49194212849000,38.703
529,1787500447106891600,2026-08-23T22:54:07.106+07:00,49194533778500,49194531661600,2.117
530,1787500447414219900,2026-08-23T22:54:07.414+07:00,49194791696000,49194787259600,4.436
531,1787500447670484400,2026-08-23T22:54:07.670+07:00,49195082052400,49195087986100,5.934
532,1787500447954965600,2026-08-23T22:54:07.954+07:00,49195345995800,49195359792400,13.797
533,1787500448197978400,2026-08-23T22:54:08.197+07:00,49195573121300,49195628116700,54.995
534,1787500448438569300,2026-08-23T22:54:08.438+07:00,49195860856400,49195865947900,5.091
535,1787500448690687900,2026-08-23T22:54:08.690+07:00,49196081745000,49196100271700,18.527
536,1787500448936100600,2026-08-23T22:54:08.936+07:00,49196331199600,49196375526400,44.327
537,1787500449176073400,2026-08-23T22:54:09.176+07:00,49196615099200,49196615527200,0.428
538,1787500449474104400,2026-08-23T22:54:09.474+07:00,49196788671100,49196844726400,56.055
539,1787500449689438200,2026-08-23T22:54:09.689+07:00,49197031501800,49197147715400,116.214
540,1787500449929219000,2026-08-23T22:54:09.929+07:00,49197372559100,49197352336800,20.222
541,1787500450162697500,2026-08-23T22:54:10.162+07:00,49197569060300,49197621864100,52.804
542,1787500450483674500,2026-08-23T22:54:10.483+07:00,49197940897900,49197856483000,84.415
543,1787500450734151100,2026-08-23T22:54:10.734+07:00,49198166578600,49198161108400,5.470
544,1787500450953884200,2026-08-23T22:54:10.953+07:00,49198424816200,49198412494400,12.322
545,1787500451189240200,2026-08-23T22:54:11.189+07:00,49198612802500,49198641667700,28.865
546,1787500451419977800,2026-08-23T22:54:11.419+07:00,49198864748100,49198871463200,6.715
547,1787500451652646200,2026-08-23T22:54:11.652+07:00,49199070389900,49199105327400,34.938
548,1787500451888752100,2026-08-23T22:54:11.888+07:00,49199330384800,49199311951700,18.433
549,1787500452111427400,2026-08-23T22:54:12.111+07:00,49199575972100,49199583412500,7.440
550,1787500452331848700,2026-08-23T22:54:12.331+07:00,49199787513900,49199785953300,1.561
551,1787500452617487600,2026-08-23T22:54:12.617+07:00,49199983042300,49200025362400,42.320
552,1787500452879891000,2026-08-23T22:54:12.879+07:00,49200313503500,49200293056700,20.447
553,1787500453193687800,2026-08-23T22:54:13.193+07:00,49200545963200,49200562201700,16.238
554,1787500453480226300,2026-08-23T22:54:13.480+07:00,49200859539800,49200866052400,6.513
555,1787500453795378200,2026-08-23T22:54:13.795+07:00,49201177333400,49201171586400,5.747
556,1787500454175268400,2026-08-23T22:54:14.175+07:00,49201461017400,49201473385100,12.368
557,1787500454495269700,2026-08-23T22:54:14.495+07:00,49201851422600,49201851881200,0.459
558,1787500454779962800,2026-08-23T22:54:14.779+07:00,49202193581800,49202181562700,12.019
559,1787500455050786900,2026-08-23T22:54:15.050+07:00,49202430607800,49202453117800,22.510
560,1787500455342989900,2026-08-23T22:54:15.343+07:00,49202735150400,49202725560300,9.590
561,1787500455620033200,2026-08-23T22:54:15.620+07:00,49203003007600,49203026321600,23.314
562,1787500455985806300,2026-08-23T22:54:15.985+07:00,49203284653500,49203295611000,10.957
563,1787500456329529600,2026-08-23T22:54:16.329+07:00,49203665064200,49203670258500,5.194
564,1787500456705849200,2026-08-23T22:54:16.705+07:00,49204037115600,49204042853000,5.737
565,1787500457078159300,2026-08-23T22:54:17.078+07:00,49204402266000,49204415800000,13.534
566,1787500457494271500,2026-08-23T22:54:17.494+07:00,49204786291800,49204786817000,0.525
567,1787500457808777300,2026-08-23T22:54:17.808+07:00,49205196317200,49205193539000,2.778
568,1787500458121046000,2026-08-23T22:54:18.121+07:00,49205410133100,49205497674400,87.541
569,1787500458483178600,2026-08-23T22:54:18.483+07:00,49205802075200,49205803692000,1.617
570,1787500458791696400,2026-08-23T22:54:18.791+07:00,49206146841900,49206166567700,19.726
571,1787500459132957400,2026-08-23T22:54:19.132+07:00,49206501010900,49206473556500,27.454
572,1787500459475233200,2026-08-23T22:54:19.475+07:00,49206847890600,49206848549800,0.659
573,1787500459850657100,2026-08-23T22:54:19.850+07:00,49207191012100,49207150884300,40.128
574,1787500460263751900,2026-08-23T22:54:20.263+07:00,49207625062500,49207629716600,4.654
575,1787500460624332300,2026-08-23T22:54:20.624+07:00,49207972507600,49207961763500,10.744
576,1787500460953900500,2026-08-23T22:54:20.953+07:00,49208319130800,49208333063800,13.933
577,1787500461270930300,2026-08-23T22:54:21.270+07:00,49208568743800,49208634241000,65.497
578,1787500461604541500,2026-08-23T22:54:21.604+07:00,49208966586000,49208973676500,7.090
579,1787500462016657000,2026-08-23T22:54:22.016+07:00,49209283949600,49209315416300,31.467
580,1787500462419441700,2026-08-23T22:54:22.419+07:00,49209724828400,49209723008100,1.820
581,1787500462892061600,2026-08-23T22:54:22.892+07:00,49210131670500,49210163496800,31.826
582,1787500463310094000,2026-08-23T22:54:23.310+07:00,49210623789000,49210631396800,7.608
583,1787500463781126100,2026-08-23T22:54:23.781+07:00,49211090852300,49211105025200,14.173
584,1787500464114239900,2026-08-23T22:54:24.114+07:00,49211472429600,49211473231600,0.802
585,1787500464445365400,2026-08-23T22:54:24.445+07:00,49211796125600,49211818313400,22.188
586,1787500464773079900,2026-08-23T22:54:24.773+07:00,49212126049900,49212148140800,22.091
587,1787500465066433900,2026-08-23T22:54:25.066+07:00,49212476171200,49212453375100,22.796
588,1787500465403982900,2026-08-23T22:54:25.403+07:00,49212744779300,49212760436800,15.658
589,1787500465757387500,2026-08-23T22:54:25.757+07:00,49213100475600,49213096313400,4.162
590,1787500466243323500,2026-08-23T22:54:26.243+07:00,49213452874400,49213501614400,48.740
591,1787500466691576200,2026-08-23T22:54:26.691+07:00,49213887793800,49213974543700,86.750
592,1787500467026174600,2026-08-23T22:54:27.026+07:00,49214327628100,49214379802100,52.174
593,1787500467366023200,2026-08-23T22:54:27.366+07:00,49214665387000,49214723155400,57.768
594,1787500467704967500,2026-08-23T22:54:27.704+07:00,49215093170700,49215055561900,37.609
595,1787500468033852400,2026-08-23T22:54:28.033+07:00,49215399662800,49215400334500,0.672
596,1787500468334687400,2026-08-23T22:54:28.334+07:00,49215686846000,49215743125700,56.280
597,1787500468681501000,2026-08-23T22:54:28.681+07:00,49215951419500,49216041177400,89.758
598,1787500468975900000,2026-08-23T22:54:28.975+07:00,49216364981900,49216271741400,93.240
599,1787500469275384200,2026-08-23T22:54:29.275+07:00,49216616903200,49216680554900,63.652
600,1787500469604880100,2026-08-23T22:54:29.604+07:00,49216847567500,49216946599300,99.032
601,1787500469883926300,2026-08-23T22:54:29.883+07:00,49217232556900,49217307406600,74.850
602,1787500470177561700,2026-08-23T22:54:30.177+07:00,49217429762900,49217534058400,104.296
603,1787500470521355600,2026-08-23T22:54:30.521+07:00,49217865945500,49217866280800,0.335
604,1787500470829929600,2026-08-23T22:54:30.829+07:00,49218146114600,49218193302900,47.188
605,1787500471146999700,2026-08-23T22:54:31.147+07:00,49218485151100,49218499537900,14.387
606,1787500471440743100,2026-08-23T22:54:31.440+07:00,49218826367700,49218836094500,9.727
607,1787500471742134200,2026-08-23T22:54:31.742+07:00,49219097399900,49219144256400,46.856
608,1787500472104990200,2026-08-23T22:54:32.105+07:00,49219396575300,49219454040300,57.465
609,1787500472511192900,2026-08-23T22:54:32.511+07:00,49219804939400,49219783312400,21.627
610,1787500472796200600,2026-08-23T22:54:32.796+07:00,49220183004200,49220187837800,4.834
611,1787500473176451900,2026-08-23T22:54:33.176+07:00,49220493444500,49220493834400,0.390
612,1787500473494172600,2026-08-23T22:54:33.494+07:00,49220851042100,49220864549200,13.507
613,1787500473863045000,2026-08-23T22:54:33.863+07:00,49221165771900,49221208402900,42.631
614,1787500474315105000,2026-08-23T22:54:34.315+07:00,49221597500000,49221612476100,14.976
615,1787500474841595700,2026-08-23T22:54:34.841+07:00,49222041484100,49222021402900,20.081
616,1787500475497274300,2026-08-23T22:54:35.497+07:00,49222585738400,49222598912900,13.175
617,1787500476171683300,2026-08-23T22:54:36.171+07:00,49223250705700,49223236038700,14.667
618,1787500476506945600,2026-08-23T22:54:36.506+07:00,49223898393200,49223909300400,10.907
619,1787500476869903700,2026-08-23T22:54:36.869+07:00,49224217767700,49224247689900,29.922
620,1787500477284425200,2026-08-23T22:54:37.284+07:00,49224570673800,49224585028100,14.354
621,1787500477695375500,2026-08-23T22:54:37.695+07:00,49225013874500,49224998468000,15.406
622,1787500478144406500,2026-08-23T22:54:38.144+07:00,49225424404400,49225439313600,14.909
623,1787500478546573600,2026-08-23T22:54:38.546+07:00,49225859902200,49225830693300,29.209
624,1787500478919086700,2026-08-23T22:54:38.919+07:00,49226213662700,49226236492200,22.829
625,1787500479275434800,2026-08-23T22:54:39.275+07:00,49226627336700,49226621962000,5.375
626,1787500479674305600,2026-08-23T22:54:39.674+07:00,49226979599400,49226952262500,27.337
627,1787500480014018700,2026-08-23T22:54:40.014+07:00,49227382715900,49227391594500,8.879
628,1787500480368172100,2026-08-23T22:54:40.368+07:00,49227707245200,49227720345900,13.101
629,1787500480715190100,2026-08-23T22:54:40.715+07:00,49228065088000,49228064338800,0.749
630,1787500481077152500,2026-08-23T22:54:41.077+07:00,49228390389200,49228398997500,8.608
631,1787500481458806000,2026-08-23T22:54:41.458+07:00,49228788910000,49228773045000,15.865
632,1787500481911660900,2026-08-23T22:54:41.911+07:00,49229154592500,49229152045200,2.547
633,1787500482293946100,2026-08-23T22:54:42.293+07:00,49229635268100,49229624621000,10.647
634,1787500482608741700,2026-08-23T22:54:42.608+07:00,49229931162100,49229951605800,20.444
635,1787500482915968700,2026-08-23T22:54:42.915+07:00,49230286860400,49230288889500,2.029
636,1787500483283503200,2026-08-23T22:54:43.283+07:00,49230599108100,49230594439600,4.668
637,1787500483590820500,2026-08-23T22:54:43.590+07:00,49230959846300,49230967647500,7.801
638,1787500483900945900,2026-08-23T22:54:43.900+07:00,49231282049600,49231271406800,10.643
639,1787500484275257700,2026-08-23T22:54:44.275+07:00,49231607325100,49231613962200,6.637
640,1787500484603549900,2026-08-23T22:54:44.603+07:00,49231963232400,49231976414100,13.182
641,1787500484912939000,2026-08-23T22:54:44.912+07:00,49232307401400,49232281563600,25.838
642,1787500485210524200,2026-08-23T22:54:45.210+07:00,49232586911100,49232590656700,3.746
643,1787500485478575600,2026-08-23T22:54:45.478+07:00,49232892338100,49232890420300,1.918
644,1787500485752860200,2026-08-23T22:54:45.752+07:00,49233174299700,49233163294900,11.005
645,1787500486030405200,2026-08-23T22:54:46.030+07:00,49233418528500,49233429752700,11.224
646,1787500486379607100,2026-08-23T22:54:46.379+07:00,49233755874900,49233751847200,4.028
647,1787500486704042600,2026-08-23T22:54:46.704+07:00,49234073054400,49234076084800,3.030
648,1787500486987795800,2026-08-23T22:54:46.987+07:00,49234389113400,49234388704100,0.409
649,1787500487245310000,2026-08-23T22:54:47.245+07:00,49234660474600,49234679320700,18.846
650,1787500487513647400,2026-08-23T22:54:47.513+07:00,49234898000200,49234922482100,24.482
651,1787500487781323000,2026-08-23T22:54:47.781+07:00,49235209486100,49235194407900,15.078
652,1787500488052087200,2026-08-23T22:54:48.052+07:00,49235464317400,49235457512200,6.805
653,1787500488321926000,2026-08-23T22:54:48.321+07:00,49235709781900,49235729978800,20.197
654,1787500488598002900,2026-08-23T22:54:48.598+07:00,49235989281300,49236001923100,12.642
655,1787500488862186500,2026-08-23T22:54:48.862+07:00,49236268618300,49236267937600,0.681
656,1787500489103820600,2026-08-23T22:54:49.103+07:00,49236522010900,49236535463300,13.452
657,1787500489372623000,2026-08-23T22:54:49.372+07:00,49236789530800,49236776985000,12.546
658,1787500489619381400,2026-08-23T22:54:49.619+07:00,49237036097700,49237050729300,14.632
659,1787500489862445400,2026-08-23T22:54:49.862+07:00,49237277494300,49237281359200,3.865
660,1787500490257659500,2026-08-23T22:54:50.257+07:00,49237555840400,49237554839600,1.001
661,1787500490501602900,2026-08-23T22:54:50.501+07:00,49237918372900,49237920755800,2.383
662,1787500490775507300,2026-08-23T22:54:50.775+07:00,49238155276300,49238160811800,5.535
663,1787500491027508000,2026-08-23T22:54:51.027+07:00,49238458354500,49238464571000,6.216
664,1787500491273601500,2026-08-23T22:54:51.273+07:00,49238719815200,49238697440500,22.375
665,1787500491530333200,2026-08-23T22:54:51.530+07:00,49238925319400,49238937908600,12.589
666,1787500491756741100,2026-08-23T22:54:51.756+07:00,49239213711800,49239202447000,11.265
667,1787500491980457300,2026-08-23T22:54:51.980+07:00,49239407748700,49239412430400,4.682
668,1787500492225901500,2026-08-23T22:54:52.225+07:00,49239649919700,49239648868900,1.051
669,1787500492456400000,2026-08-23T22:54:52.456+07:00,49239891437100,49239890166500,1.271
670,1787500492705235300,2026-08-23T22:54:52.705+07:00,49240128799300,49240117044100,11.755
671,1787500493027688700,2026-08-23T22:54:53.027+07:00,49240384811300,49240391105800,6.295
672,1787500493326728800,2026-08-23T22:54:53.326+07:00,49240672621000,49240694049200,21.428
673,1787500493684070300,2026-08-23T22:54:53.684+07:00,49241023004200,49241041085600,18.081
674,1787500494121374500,2026-08-23T22:54:54.121+07:00,49241381013100,49241368163200,12.850
675,1787500494411030000,2026-08-23T22:54:54.411+07:00,49241783843800,49241809172000,25.328
676,1787500494712870300,2026-08-23T22:54:54.712+07:00,49242108505800,49242110888300,2.382
677,1787500494981022800,2026-08-23T22:54:54.981+07:00,49242375586900,49242383617500,8.031
678,1787500495266353600,2026-08-23T22:54:55.266+07:00,49242664246800,49242663702200,0.545
679,1787500495534683600,2026-08-23T22:54:55.534+07:00,49242956172200,49242921195800,34.976
680,1787500495820818900,2026-08-23T22:54:55.820+07:00,49243227479300,49243200108100,27.371
681,1787500496115952300,2026-08-23T22:54:56.115+07:00,49243518143800,49243514847300,3.296
682,1787500496417570800,2026-08-23T22:54:56.417+07:00,49243790325700,49243805357400,15.032
683,1787500496673257500,2026-08-23T22:54:56.673+07:00,49244107570300,49244106699300,0.871
684,1787500496952764000,2026-08-23T22:54:56.952+07:00,49244348096600,49244341064400,7.032
685,1787500497237641000,2026-08-23T22:54:57.237+07:00,49244629858900,49244640081200,10.222
686,1787500497548547600,2026-08-23T22:54:57.548+07:00,49244955743000,49244952992800,2.750
687,1787500497813678000,2026-08-23T22:54:57.813+07:00,49245234098500,49245218761500,15.337
688,1787500498079752800,2026-08-23T22:54:58.079+07:00,49245475435200,49245490524900,15.090
689,1787500498332902100,2026-08-23T22:54:58.332+07:00,49245756055800,49245761784100,5.728
690,1787500498584969200,2026-08-23T22:54:58.584+07:00,49246003173700,49246000658600,2.515
691,1787500498840246600,2026-08-23T22:54:58.840+07:00,49246245809800,49246269511400,23.702
692,1787500499112301500,2026-08-23T22:54:59.112+07:00,49246527482200,49246501934000,25.548
693,1787500499353756400,2026-08-23T22:54:59.353+07:00,49246764993300,49246773043500,8.050
694,1787500499593353000,2026-08-23T22:54:59.593+07:00,49247013454200,49247012993100,0.461
695,1787500499823860000,2026-08-23T22:54:59.823+07:00,49247258089200,49247257270900,0.818
696,1787500500066079300,2026-08-23T22:55:00.066+07:00,49247485892700,49247485564200,0.329
697,1787500500326176300,2026-08-23T22:55:00.326+07:00,49247735470900,49247753672400,18.201
698,1787500500629889200,2026-08-23T22:55:00.629+07:00,49248009621000,49248024142200,14.521
699,1787500500873247800,2026-08-23T22:55:00.873+07:00,49248299185700,49248296819000,2.367
700,1787500501140397500,2026-08-23T22:55:01.140+07:00,49248537238700,49248569530300,32.292
701,1787500501507610800,2026-08-23T22:55:01.507+07:00,49248817791700,49248838420200,20.628
702,1787500501763378100,2026-08-23T22:55:01.763+07:00,49249179355900,49249178688800,0.667
703,1787500502050016900,2026-08-23T22:55:02.050+07:00,49249456889600,49249440680800,16.209
704,1787500502303524000,2026-08-23T22:55:02.303+07:00,49249702023100,49249724132500,22.109
705,1787500502572681400,2026-08-23T22:55:02.572+07:00,49249980744300,49249988780100,8.036
706,1787500502886883100,2026-08-23T22:55:02.886+07:00,49250225585700,49250225052500,0.533
707,1787500503183573600,2026-08-23T22:55:03.183+07:00,49250583271000,49250567511400,15.760
708,1787500503530698800,2026-08-23T22:55:03.530+07:00,49250870870400,49250873591500,2.721
709,1787500503873209900,2026-08-23T22:55:03.873+07:00,49251242085000,49251250010100,7.925
710,1787500504231228600,2026-08-23T22:55:04.231+07:00,49251556672700,49251551030000,5.643
711,1787500504581114900,2026-08-23T22:55:04.581+07:00,49251923326600,49251921960300,1.366
712,1787500505009490500,2026-08-23T22:55:05.009+07:00,49252234459200,49252255880300,21.421
713,1787500505322405800,2026-08-23T22:55:05.322+07:00,49252679344100,49252716831500,37.487
714,1787500505637139700,2026-08-23T22:55:05.637+07:00,49253009007400,49253011225400,2.218
715,1787500505996633900,2026-08-23T22:55:05.996+07:00,49253318949600,49253339296900,20.347
716,1787500506294127000,2026-08-23T22:55:06.294+07:00,49253683881500,49253676387900,7.494
717,1787500506620333500,2026-08-23T22:55:06.620+07:00,49253966729300,49253975717000,8.988
718,1787500506935119600,2026-08-23T22:55:06.935+07:00,49254286310300,49254279206400,7.104
719,1787500507236892000,2026-08-23T22:55:07.236+07:00,49254600180900,49254618497500,18.317
720,1787500507577157000,2026-08-23T22:55:07.577+07:00,49254932901100,49254924051000,8.850
721,1787500507905860800,2026-08-23T22:55:07.905+07:00,49255261026500,49255265128900,4.102
722,1787500508214768100,2026-08-23T22:55:08.214+07:00,49255574316800,49255598062700,23.746
723,1787500508615883500,2026-08-23T22:55:08.615+07:00,49255892104700,49255899142400,7.038
724,1787500508945343500,2026-08-23T22:55:08.945+07:00,49256293951000,49256313397200,19.446
725,1787500509257271000,2026-08-23T22:55:09.257+07:00,49256658710100,49256646508300,12.202
726,1787500509592172300,2026-08-23T22:55:09.592+07:00,49256941124900,49256950712800,9.588
727,1787500509905500600,2026-08-23T22:55:09.905+07:00,49257261017100,49257256911600,4.106
728,1787500510264093900,2026-08-23T22:55:10.264+07:00,49257580966800,49257602390600,21.424
729,1787500510641206500,2026-08-23T22:55:10.641+07:00,49257943254800,49257967444400,24.190
730,1787500511000930200,2026-08-23T22:55:11.000+07:00,49258342703500,49258335849300,6.854
731,1787500511322587200,2026-08-23T22:55:11.322+07:00,49258668463100,49258674110000,5.647
732,1787500511634812800,2026-08-23T22:55:11.634+07:00,49259029528200,49259009959700,19.569
733,1787500512041885700,2026-08-23T22:55:12.041+07:00,49259305405200,49259315102800,9.698
734,1787500512500439900,2026-08-23T22:55:12.500+07:00,49259738338600,49259722222400,16.116
735,1787500512903356000,2026-08-23T22:55:12.903+07:00,49260210310300,49260237232200,26.922
736,1787500513335734600,2026-08-23T22:55:13.335+07:00,49260608172800,49260606786800,1.386
737,1787500513734011500,2026-08-23T22:55:13.734+07:00,49261044797000,49261043854300,0.943
738,1787500514108375500,2026-08-23T22:55:14.108+07:00,49261417024000,49261414641500,2.382
739,1787500514489018900,2026-08-23T22:55:14.489+07:00,49261672992000,49261780645000,107.653
740,1787500514868235800,2026-08-23T22:55:14.868+07:00,49262212344800,49262193656500,18.688
741,1787500515256395900,2026-08-23T22:55:15.256+07:00,49262442649400,49262559496100,116.847
742,1787500515653865100,2026-08-23T22:55:15.653+07:00,49262946015700,49262938240700,7.775
743,1787500516229165700,2026-08-23T22:55:16.229+07:00,49263357188800,49263368685800,11.497
744,1787500516584112700,2026-08-23T22:55:16.584+07:00,49263928662200,49263946228000,17.566
745,1787500516969134900,2026-08-23T22:55:16.969+07:00,49264299720800,49264282455900,17.265
746,1787500517377248100,2026-08-23T22:55:17.377+07:00,49264662030700,49264684867500,22.837
747,1787500517827572600,2026-08-23T22:55:17.827+07:00,49265063637600,49265094508600,30.871
748,1787500518252173500,2026-08-23T22:55:18.252+07:00,49265509722300,49265532841700,23.119
749,1787500518685601800,2026-08-23T22:55:18.685+07:00,49265946495900,49265969384300,22.888
750,1787500519080349300,2026-08-23T22:55:19.080+07:00,49266358940700,49266374849800,15.909
751,1787500519516797800,2026-08-23T22:55:19.516+07:00,49266801609800,49266782978600,18.631
752,1787500520116387700,2026-08-23T22:55:20.116+07:00,49267294014400,49267270862200,23.152
753,1787500520641606100,2026-08-23T22:55:20.641+07:00,49267738593000,49267832398200,93.805
754,1787500521168790200,2026-08-23T22:55:21.168+07:00,49268369195100,49268377870400,8.675
755,1787500521714789000,2026-08-23T22:55:21.714+07:00,49268890066500,49268895146500,5.080
756,1787500522195246200,2026-08-23T22:55:22.195+07:00,49269419102400,49269419872100,0.770
757,1787500522675013900,2026-08-23T22:55:22.675+07:00,49269936558100,49269934660100,1.898
758,1787500523136669300,2026-08-23T22:55:23.136+07:00,49270366117500,49270362206700,3.911
759,1787500523551200200,2026-08-23T22:55:23.551+07:00,49270859489300,49270845812500,13.677
760,1787500524203280400,2026-08-23T22:55:24.203+07:00,49271256011000,49271240855700,15.155
761,1787500524854717100,2026-08-23T22:55:24.854+07:00,49271900775100,49271918018600,17.244
762,1787500525388125400,2026-08-23T22:55:25.388+07:00,49272581123700,49272571947500,9.176
763,1787500526062261600,2026-08-23T22:55:26.062+07:00,49273123488000,49273121336600,2.151
764,1787500526483267200,2026-08-23T22:55:26.483+07:00,49273789034800,49273773970700,15.064
765,1787500527116406200,2026-08-23T22:55:27.116+07:00,49274225302300,49274221628600,3.674
766,1787500527656148800,2026-08-23T22:55:27.656+07:00,49274839205000,49274824167200,15.038
767,1787500528307121700,2026-08-23T22:55:28.307+07:00,49275504238100,49275503160400,1.078
768,1787500529069858000,2026-08-23T22:55:29.069+07:00,49276016822600,49276016457800,0.365
769,1787500529601332400,2026-08-23T22:55:29.601+07:00,49276833899500,49276820573500,13.326
770,1787500530279319700,2026-08-23T22:55:30.279+07:00,49277383438600,49277380129900,3.309
771,1787500530809462900,2026-08-23T22:55:30.809+07:00,49278023854500,49278032787700,8.933
772,1787500531180554600,2026-08-23T22:55:31.180+07:00,49278545981700,49278516011400,29.970
773,1787500531633888700,2026-08-23T22:55:31.633+07:00,49278862804200,49278882052800,19.249
774,1787500532014825400,2026-08-23T22:55:32.014+07:00,49279345878500,49279325376600,20.502
775,1787500532395068800,2026-08-23T22:55:32.395+07:00,49279709189300,49279726885000,17.696
776,1787500532804752400,2026-08-23T22:55:32.804+07:00,49280105954900,49280096720700,9.234
777,1787500533239863000,2026-08-23T22:55:33.239+07:00,49280513702100,49280503101700,10.600
778,1787500533672070300,2026-08-23T22:55:33.672+07:00,49280962899400,49280938239100,24.660
779,1787500534150378100,2026-08-23T22:55:34.150+07:00,49281450121600,49281454624500,4.503
780,1787500534562680200,2026-08-23T22:55:34.562+07:00,49281836586300,49281848316300,11.730
781,1787500534903057600,2026-08-23T22:55:34.903+07:00,49282236076200,49282252504400,16.428
782,1787500535323348700,2026-08-23T22:55:35.323+07:00,49282606255700,49282596120500,10.135
783,1787500535802592000,2026-08-23T22:55:35.802+07:00,49283048604300,49283067327200,18.723
784,1787500536501180200,2026-08-23T22:55:36.501+07:00,49283521893600,49283503246400,18.647
785,1787500536880871600,2026-08-23T22:55:36.880+07:00,49284210904300,49284226713500,15.809
786,1787500537357590600,2026-08-23T22:55:37.357+07:00,49284573323400,49284589003000,15.680
787,1787500537849860500,2026-08-23T22:55:37.849+07:00,49285067362900,49285066595900,0.767
788,1787500538256074300,2026-08-23T22:55:38.256+07:00,49285531604300,49285567158500,35.554
789,1787500538743792400,2026-08-23T22:55:38.744+07:00,49285954473700,49285947832400,6.641
790,1787500539178324100,2026-08-23T22:55:39.178+07:00,49286420065400,49286444105000,24.040
791,1787500539585148900,2026-08-23T22:55:39.585+07:00,49286868701700,49286879789200,11.088
792,1787500540089414700,2026-08-23T22:55:40.089+07:00,49287264361600,49287285152900,20.791
793,1787500540646775700,2026-08-23T22:55:40.646+07:00,49287804798000,49287803261900,1.536
794,1787500541010394900,2026-08-23T22:55:41.010+07:00,49288351577700,49288367469700,15.892
795,1787500541402500500,2026-08-23T22:55:41.402+07:00,49288720491000,49288710767300,9.724
796,1787500541786619500,2026-08-23T22:55:41.786+07:00,49289121283500,49289119566700,1.717
797,1787500542156414600,2026-08-23T22:55:42.156+07:00,49289499761500,49289498682600,1.079
798,1787500542520396400,2026-08-23T22:55:42.520+07:00,49289848417100,49289853230900,4.814
799,1787500542828340200,2026-08-23T22:55:42.828+07:00,49290208646400,49290201587800,7.059
800,1787500543163490200,2026-08-23T22:55:43.163+07:00,49290482978500,49290492770800,9.792
801,1787500543472415100,2026-08-23T22:55:43.472+07:00,49290845114600,49290842317100,2.797
802,1787500543826448400,2026-08-23T22:55:43.826+07:00,49291164052200,49291172592400,8.540
803,1787500544194355800,2026-08-23T22:55:44.194+07:00,49291523217600,49291522227000,0.991
804,1787500544519587900,2026-08-23T22:55:44.519+07:00,49291890239500,49291880252100,9.987
805,1787500544798819000,2026-08-23T22:55:44.798+07:00,49292204857600,49292189102800,15.755
806,1787500545125048300,2026-08-23T22:55:45.125+07:00,49292494215600,49292493713900,0.502
807,1787500545424827400,2026-08-23T22:55:45.424+07:00,49292821271600,49292789374300,31.897
808,1787500545774798000,2026-08-23T22:55:45.774+07:00,49293095812600,49293094326800,1.486
809,1787500546118628900,2026-08-23T22:55:46.118+07:00,49293466754200,49293470434500,3.680
810,1787500546431713800,2026-08-23T22:55:46.431+07:00,49293821240400,49293820895900,0.344
811,1787500546741540000,2026-08-23T22:55:46.741+07:00,49294134426000,49294104184000,30.242
812,1787500547039610100,2026-08-23T22:55:47.039+07:00,49294426890700,49294426121000,0.770
813,1787500547355024300,2026-08-23T22:55:47.355+07:00,49294737416200,49294717526700,19.890
814,1787500547670855400,2026-08-23T22:55:47.670+07:00,49295025898700,49295026278600,0.380
815,1787500547944402500,2026-08-23T22:55:47.944+07:00,49295346275400,49295356429600,10.154
816,1787500548253763300,2026-08-23T22:55:48.253+07:00,49295623495300,49295626616500,3.121
817,1787500548524799500,2026-08-23T22:55:48.524+07:00,49295945576200,49295932652700,12.924
818,1787500548787284400,2026-08-23T22:55:48.787+07:00,49296198147700,49296205181400,7.034
819,1787500549049897300,2026-08-23T22:55:49.049+07:00,49296478288500,49296478680800,0.392
820,1787500549310709800,2026-08-23T22:55:49.310+07:00,49296720310500,49296711596100,8.714
821,1787500549588472900,2026-08-23T22:55:49.588+07:00,49296999659600,49296982557300,17.102
822,1787500549848538100,2026-08-23T22:55:49.848+07:00,49297274488600,49297284358100,9.870
823,1787500550095527700,2026-08-23T22:55:50.095+07:00,49297516360600,49297520652500,4.292
824,1787500550343526500,2026-08-23T22:55:50.343+07:00,49297753234100,49297791732600,38.498
825,1787500550625264000,2026-08-23T22:55:50.625+07:00,49298012492300,49298011710000,0.782
826,1787500550898341800,2026-08-23T22:55:50.898+07:00,49298321719000,49298298112900,23.606
827,1787500551146275400,2026-08-23T22:55:51.146+07:00,49298564426600,49298566487400,2.061
828,1787500551383761200,2026-08-23T22:55:51.383+07:00,49298805573100,49298804448900,1.124
829,1787500551639217600,2026-08-23T22:55:51.639+07:00,49299051807200,49299043882000,7.925
830,1787500551876974600,2026-08-23T22:55:51.876+07:00,49299320469200,49299307508300,12.961
831,1787500552134288900,2026-08-23T22:55:52.134+07:00,49299562416800,49299578832300,16.416
832,1787500552353905800,2026-08-23T22:55:52.353+07:00,49299818665600,49299824222900,5.557
833,1787500552573360100,2026-08-23T22:55:52.573+07:00,49300042733900,49300051207500,8.474
834,1787500552805482400,2026-08-23T22:55:52.805+07:00,49300245965900,49300258912600,12.947
835,1787500553041262200,2026-08-23T22:55:53.041+07:00,49300487883800,49300491734300,3.850
836,1787500553284172600,2026-08-23T22:55:53.284+07:00,49300696530500,49300697210400,0.680
837,1787500553536887900,2026-08-23T22:55:53.536+07:00,49300970618100,49300970961600,0.344
838,1787500553779741700,2026-08-23T22:55:53.779+07:00,49301219901500,49301202860900,17.041
839,1787500554035352200,2026-08-23T22:55:54.035+07:00,49301455886700,49301470958000,15.071
840,1787500554275126300,2026-08-23T22:55:54.275+07:00,49301699844500,49301711907400,12.063
841,1787500554510389600,2026-08-23T22:55:54.510+07:00,49301950481400,49301948682700,1.799
842,1787500554729183400,2026-08-23T22:55:54.729+07:00,49302179347800,49302182199300,2.852
843,1787500554947738500,2026-08-23T22:55:54.947+07:00,49302422179000,49302421270400,0.909
844,1787500555183029100,2026-08-23T22:55:55.183+07:00,49302625200300,49302630099400,4.899
845,1787500555416745600,2026-08-23T22:55:55.416+07:00,49302871782600,49302869024700,2.758
846,1787500555645350800,2026-08-23T22:55:55.645+07:00,49303103250500,49303097599000,5.652
847,1787500555845723000,2026-08-23T22:55:55.845+07:00,49303304756800,49303329518800,24.762
848,1787500556063528500,2026-08-23T22:55:56.063+07:00,49303504035200,49303530451800,26.417
849,1787500556285787200,2026-08-23T22:55:56.285+07:00,49303746175400,49303741515700,4.660
850,1787500556514076600,2026-08-23T22:55:56.514+07:00,49303948229700,49303970473400,22.244
851,1787500556750220500,2026-08-23T22:55:56.750+07:00,49304187657800,49304173341400,14.316
852,1787500556969661800,2026-08-23T22:55:56.969+07:00,49304437097400,49304408352300,28.745
853,1787500557188158500,2026-08-23T22:55:57.188+07:00,49304626582300,49304645211700,18.629
854,1787500557399192800,2026-08-23T22:55:57.399+07:00,49304879760100,49304850011600,29.748
855,1787500557615477200,2026-08-23T22:55:57.615+07:00,49305035332100,49305051388500,16.056
856,1787500557827833300,2026-08-23T22:55:57.827+07:00,49305277655600,49305287024500,9.369
857,1787500558053434000,2026-08-23T22:55:58.053+07:00,49305514807200,49305491535400,23.272
858,1787500558276939200,2026-08-23T22:55:58.276+07:00,49305723712200,49305732217500,8.505
859,1787500558519019200,2026-08-23T22:55:58.519+07:00,49305965663200,49305964640100,1.023
860,1787500558726199800,2026-08-23T22:55:58.726+07:00,49306207043200,49306208101200,1.058
861,1787500558939639100,2026-08-23T22:55:58.939+07:00,49306409803000,49306408619700,1.183
862,1787500559179662000,2026-08-23T22:55:59.179+07:00,49306604280200,49306608858900,4.579
863,1787500559409695700,2026-08-23T22:55:59.409+07:00,49306851016600,49306849953800,1.063
864,1787500559616633600,2026-08-23T22:55:59.616+07:00,49307092018200,49307088554600,3.464
865,1787500559870036900,2026-08-23T22:55:59.870+07:00,49307290111700,49307289112100,1.000
866,1787500560105039600,2026-08-23T22:56:00.105+07:00,49307531442100,49307555526600,24.084
867,1787500560330735800,2026-08-23T22:56:00.330+07:00,49307766312100,49307788767300,22.455
868,1787500560591122700,2026-08-23T22:56:00.591+07:00,49308010204800,49307993172500,17.032
869,1787500560849328500,2026-08-23T22:56:00.849+07:00,49308248548600,49308263368300,14.820
870,1787500561137204300,2026-08-23T22:56:01.137+07:00,49308534321800,49308534614500,0.293
871,1787500561376191400,2026-08-23T22:56:01.376+07:00,49308816836600,49308815226800,1.610
872,1787500561630466000,2026-08-23T22:56:01.630+07:00,49309058256500,49309049755000,8.502
873,1787500561894741800,2026-08-23T22:56:01.894+07:00,49309299654500,49309309903300,10.249
874,1787500562133317100,2026-08-23T22:56:02.133+07:00,49309582589700,49309581913400,0.676
875,1787500562425390700,2026-08-23T22:56:02.425+07:00,49309825882000,49309824045000,1.837
876,1787500562656480200,2026-08-23T22:56:02.656+07:00,49310107453700,49310115916100,8.462
877,1787500562899658400,2026-08-23T22:56:02.899+07:00,49310339235700,49310322111100,17.125
878,1787500563133430100,2026-08-23T22:56:03.133+07:00,49310581323800,49310597024200,15.700
879,1787500563356782200,2026-08-23T22:56:03.356+07:00,49310828891800,49310828228500,0.663
880,1787500563601078500,2026-08-23T22:56:03.601+07:00,49311036404400,49311035500000,0.904
881,1787500563810460000,2026-08-23T22:56:03.810+07:00,49311281479900,49311281204600,0.275
882,1787500564035947900,2026-08-23T22:56:04.035+07:00,49311476248500,49311474994200,1.254
883,1787500564249215600,2026-08-23T22:56:04.249+07:00,49311692613300,49311712948700,20.335
884,1787500564484177600,2026-08-23T22:56:04.484+07:00,49311826658500,49311918220500,91.562
885,1787500564736229500,2026-08-23T22:56:04.736+07:00,49312162956400,49312149026400,13.930
886,1787500564965165900,2026-08-23T22:56:04.965+07:00,49312426460100,49312394036000,32.424
887,1787500565190680700,2026-08-23T22:56:05.190+07:00,49312651571700,49312621655300,29.916
888,1787500565453498400,2026-08-23T22:56:05.453+07:00,49312868144900,49312864433100,3.712
889,1787500565725146900,2026-08-23T22:56:05.725+07:00,49313148755200,49313131856000,16.899
890,1787500565992997400,2026-08-23T22:56:05.993+07:00,49313416797000,49313403983900,12.813
891,1787500566265932900,2026-08-23T22:56:06.265+07:00,49313691799700,49313671421700,20.378
892,1787500566577007600,2026-08-23T22:56:06.577+07:00,49313976282900,49313939315700,36.967
893,1787500566843164200,2026-08-23T22:56:06.843+07:00,49314257277000,49314244421300,12.856
894,1787500567133727200,2026-08-23T22:56:07.133+07:00,49314531125500,49314530763200,0.362
895,1787500567407087300,2026-08-23T22:56:07.407+07:00,49314828719600,49314823937900,4.782
896,1787500567682741100,2026-08-23T22:56:07.682+07:00,49315095180500,49315094650500,0.530
897,1787500567949032200,2026-08-23T22:56:07.949+07:00,49315372059100,49315360960000,11.099
898,1787500568234261200,2026-08-23T22:56:08.234+07:00,49315617471900,49315627861000,10.389
899,1787500568470009000,2026-08-23T22:56:08.470+07:00,49315888274800,49315897330500,9.056
900,1787500568735181200,2026-08-23T22:56:08.735+07:00,49316129252900,49316135845400,6.593
901,1787500569027207000,2026-08-23T22:56:09.027+07:00,49316417914700,49316405260900,12.654
902,1787500569306277700,2026-08-23T22:56:09.306+07:00,49316696203200,49316707399200,11.196
903,1787500569617135400,2026-08-23T22:56:09.617+07:00,49316978769400,49317014809600,36.040
904,1787500569891671800,2026-08-23T22:56:09.891+07:00,49317295452800,49317315561600,20.109
905,1787500570177918600,2026-08-23T22:56:10.177+07:00,49317578061100,49317593048700,14.988
906,1787500570481725000,2026-08-23T22:56:10.481+07:00,49317860096000,49317859601900,0.494
907,1787500570754494500,2026-08-23T22:56:10.754+07:00,49318182286600,49318164829800,17.457
908,1787500571021759600,2026-08-23T22:56:11.021+07:00,49318432680300,49318437456800,4.777
909,1787500571309108200,2026-08-23T22:56:11.309+07:00,49318709809100,49318707679700,2.129
910,1787500571625865700,2026-08-23T22:56:11.625+07:00,49318985678500,49319008580200,22.902
911,1787500571928961100,2026-08-23T22:56:11.928+07:00,49319312037700,49319311314400,0.723
912,1787500572249306000,2026-08-23T22:56:12.249+07:00,49319636251100,49319615831400,20.420
913,1787500572565573200,2026-08-23T22:56:12.565+07:00,49319952728800,49319923442900,29.286
914,1787500572925240800,2026-08-23T22:56:12.925+07:00,49320235541700,49320254226500,18.685
915,1787500573202012800,2026-08-23T22:56:13.202+07:00,49320635405800,49320631242400,4.163
916,1787500573552252500,2026-08-23T22:56:13.552+07:00,49320871126400,49320895774700,24.648
917,1787500573846327100,2026-08-23T22:56:13.846+07:00,49321256026900,49321255259800,0.767
918,1787500574173468500,2026-08-23T22:56:14.173+07:00,49321521665800,49321542613100,20.947
919,1787500574481670100,2026-08-23T22:56:14.481+07:00,49321848660100,49321848095000,0.565
920,1787500574805618300,2026-08-23T22:56:14.805+07:00,49322170474400,49322187613700,17.139
921,1787500575093718900,2026-08-23T22:56:15.093+07:00,49322493385000,49322492963500,0.421
922,1787500575371003800,2026-08-23T22:56:15.371+07:00,49322770438700,49322787008700,16.570
923,1787500575751299200,2026-08-23T22:56:15.751+07:00,49323065259700,49323074458100,9.198
924,1787500576074231900,2026-08-23T22:56:16.074+07:00,49323416079900,49323435345600,19.266
925,1787500576433289500,2026-08-23T22:56:16.433+07:00,49323778808600,49323777528700,1.280
926,1787500576767352400,2026-08-23T22:56:16.767+07:00,49324140681600,49324136503000,4.179
927,1787500577089582700,2026-08-23T22:56:17.089+07:00,49324467841500,49324448547100,19.294
928,1787500577411408900,2026-08-23T22:56:17.411+07:00,49324788045100,49324787480900,0.564
929,1787500577735647300,2026-08-23T22:56:17.735+07:00,49325110673900,49325123474200,12.800
930,1787500578082348500,2026-08-23T22:56:18.082+07:00,49325428673000,49325437491900,8.819
931,1787500578452083900,2026-08-23T22:56:18.452+07:00,49325791598700,49325800498100,8.899
932,1787500578840102800,2026-08-23T22:56:18.840+07:00,49326156701500,49326138846500,17.855
933,1787500579183402200,2026-08-23T22:56:19.183+07:00,49326550793700,49326543389600,7.404
934,1787500579548679900,2026-08-23T22:56:19.548+07:00,49326883584500,49326881016600,2.568
935,1787500579897269100,2026-08-23T22:56:19.897+07:00,49327240716700,49327255408600,14.692
936,1787500580212741700,2026-08-23T22:56:20.212+07:00,49327598825100,49327587716800,11.108
937,1787500580539805600,2026-08-23T22:56:20.539+07:00,49327916933300,49327890351300,26.582
938,1787500580949043800,2026-08-23T22:56:20.949+07:00,49328240653300,49328233464900,7.188
939,1787500581280869400,2026-08-23T22:56:21.280+07:00,49328644004100,49328641347500,2.657
940,1787500581620944300,2026-08-23T22:56:21.620+07:00,49328966445000,49328974864000,8.419
941,1787500581936352600,2026-08-23T22:56:21.936+07:00,49329336973500,49329335323700,1.650
942,1787500582276155200,2026-08-23T22:56:22.276+07:00,49329651199700,49329633148900,18.051
943,1787500582642723100,2026-08-23T22:56:22.642+07:00,49329979911700,49329978443900,1.468
944,1787500582973873200,2026-08-23T22:56:22.973+07:00,49330330990300,49330342551700,11.561
945,1787500583316089300,2026-08-23T22:56:23.316+07:00,49330666625900,49330685259300,18.633
946,1787500583642684900,2026-08-23T22:56:23.642+07:00,49331011526700,49331030351500,18.825
947,1787500584002383600,2026-08-23T22:56:24.002+07:00,49331344711900,49331355726700,11.015
948,1787500584321109700,2026-08-23T22:56:24.321+07:00,49331700628300,49331697948700,2.680
949,1787500584657562300,2026-08-23T22:56:24.657+07:00,49332035365900,49332036330100,0.964
950,1787500585017915100,2026-08-23T22:56:25.017+07:00,49332345425700,49332342767600,2.658
951,1787500585398760100,2026-08-23T22:56:25.398+07:00,49332729833400,49332724997600,4.836
952,1787500585793815000,2026-08-23T22:56:25.793+07:00,49333115590200,49333112722200,2.868
953,1787500586145375900,2026-08-23T22:56:26.145+07:00,49333513741500,49333512687800,1.054
954,1787500586468608600,2026-08-23T22:56:26.468+07:00,49333568092200,49333567425100,0.667
955,1787500586750012800,2026-08-23T22:56:26.750+07:00,49334186952900,49334183928700,3.024
956,1787500587084715400,2026-08-23T22:56:27.084+07:00,49334447336200,49334446796800,0.539
957,1787500587417825800,2026-08-23T22:56:27.417+07:00,49334779116200,49334796104600,16.988
958,1787500587740228800,2026-08-23T22:56:27.740+07:00,49335121699700,49335113518100,8.182
959,1787500588060691000,2026-08-23T22:56:28.060+07:00,49335419112600,49335419557000,0.444
960,1787500588450082300,2026-08-23T22:56:28.450+07:00,49335773246700,49335778183200,4.936
961,1787500588828764600,2026-08-23T22:56:28.828+07:00,49336163949800,49336163610800,0.339
962,1787500589142473400,2026-08-23T22:56:29.142+07:00,49336453926200,49336427745400,26.181
963,1787500589500336100,2026-08-23T22:56:29.500+07:00,49336856489600,49336832602600,23.887
964,1787500589850284300,2026-08-23T22:56:29.850+07:00,49337157818000,49337165199200,7.381
965,1787500590187073100,2026-08-23T22:56:30.187+07:00,49337562127100,49337512423100,49.704
966,1787500590533267700,2026-08-23T22:56:30.533+07:00,49337852282000,49337812987000,39.295
967,1787500590880203200,2026-08-23T22:56:30.880+07:00,49338178214600,49338238141300,59.927
968,1787500591217453000,2026-08-23T22:56:31.217+07:00,49338587770200,49338492157500,95.613
969,1787500591593624800,2026-08-23T22:56:31.593+07:00,49338904283700,49338909621000,5.337
970,1787500591997689100,2026-08-23T22:56:31.997+07:00,49339286838100,49339312580000,25.742
971,1787500592366939400,2026-08-23T22:56:32.366+07:00,49339714520200,49339711905300,2.615
972,1787500592727664800,2026-08-23T22:56:32.727+07:00,49340089172700,49340094149500,4.977
973,1787500593133172800,2026-08-23T22:56:33.133+07:00,49340434203800,49340449024100,14.820
974,1787500593539597700,2026-08-23T22:56:33.539+07:00,49340844715000,49340840262300,4.453
975,1787500593851341700,2026-08-23T22:56:33.851+07:00,49341233324700,49341251426600,18.102
976,1787500594157077100,2026-08-23T22:56:34.157+07:00,49341517340200,49341532656300,15.316
977,1787500594459035800,2026-08-23T22:56:34.459+07:00,49341842799500,49341865421500,22.622
978,1787500594784580700,2026-08-23T22:56:34.784+07:00,49342156513000,49342166069000,9.556
979,1787500595122324300,2026-08-23T22:56:35.122+07:00,49342480662900,49342478787000,1.876
980,1787500595527345900,2026-08-23T22:56:35.527+07:00,49342800410600,49342808691400,8.281
981,1787500595858310100,2026-08-23T22:56:35.858+07:00,49343236380900,49343214407400,21.974
982,1787500596188886900,2026-08-23T22:56:36.188+07:00,49343567171000,49343565497500,1.673
983,1787500596506309200,2026-08-23T22:56:36.506+07:00,49343854788300,49343856301300,1.513
984,1787500596829529600,2026-08-23T22:56:36.829+07:00,49344173331300,49344203190100,29.859
985,1787500597226492800,2026-08-23T22:56:37.226+07:00,49344533046600,49344537531000,4.484
986,1787500597575668200,2026-08-23T22:56:37.575+07:00,49344904776600,49344941669200,36.893
987,1787500597920341500,2026-08-23T22:56:37.920+07:00,49345254837200,49345274206700,19.369
988,1787500598246818000,2026-08-23T22:56:38.246+07:00,49345623712300,49345617069500,6.643
989,1787500598591267400,2026-08-23T22:56:38.591+07:00,49345855603300,49345919218000,63.615
990,1787500598888128100,2026-08-23T22:56:38.888+07:00,49346262186600,49346261237500,0.949
991,1787500599203679000,2026-08-23T22:56:39.203+07:00,49346545512400,49346557723200,12.211
992,1787500599521848000,2026-08-23T22:56:39.521+07:00,49346911485400,49346909499200,1.986
993,1787500599834352400,2026-08-23T22:56:39.834+07:00,49347227584200,49347200853700,26.730
994,1787500600141237800,2026-08-23T22:56:40.141+07:00,49347513116200,49347509169000,3.947
995,1787500600462786600,2026-08-23T22:56:40.462+07:00,49347835834700,49347840901500,5.067
996,1787500600769240900,2026-08-23T22:56:40.769+07:00,49348162183400,49348148607700,13.576
997,1787500601078608500,2026-08-23T22:56:41.078+07:00,49348442841300,49348448100100,5.259
998,1787500601435868400,2026-08-23T22:56:41.435+07:00,49348789010900,49348753557100,35.454
999,1787500601741085100,2026-08-23T22:56:41.741+07:00,49349113643200,49349125892800,12.250
1000,1787500602028132100,2026-08-23T22:56:42.028+07:00,49349441428500,49349443915200,2.487
1001,1787500602376180200,2026-08-23T22:56:42.376+07:00,49349717659600,49349701661400,15.998
1002,1787500602689032000,2026-08-23T22:56:42.689+07:00,49350084187400,49350083064600,1.123
1003,1787500602986305000,2026-08-23T22:56:42.986+07:00,49350360765900,49350386439700,25.674
1004,1787500603277081600,2026-08-23T22:56:43.277+07:00,49350693198000,49350691790400,1.408
1005,1787500603590609200,2026-08-23T22:56:43.590+07:00,49350961647600,49350986131300,24.484
1006,1787500603880028600,2026-08-23T22:56:43.880+07:00,49351289586000,49351296091400,6.505
1007,1787500604188201500,2026-08-23T22:56:44.188+07:00,49351575870600,49351562221500,13.649
1008,1787500604503849700,2026-08-23T22:56:44.503+07:00,49351896388000,49351898023900,1.636
1009,1787500604802232300,2026-08-23T22:56:44.802+07:00,49352176143400,49352197933400,21.790
1010,1787500605091444300,2026-08-23T22:56:45.091+07:00,49352485613100,49352504345700,18.733
1011,1787500605396962600,2026-08-23T22:56:45.396+07:00,49352779351400,49352779047800,0.304
1012,1787500605685680300,2026-08-23T22:56:45.685+07:00,49353093869300,49353085698500,8.171
1013,1787500605993410100,2026-08-23T22:56:45.993+07:00,49353380939800,49353385130700,4.191
1014,1787500606301848700,2026-08-23T22:56:46.301+07:00,49353702434500,49353698925100,3.509
1015,1787500606587750200,2026-08-23T22:56:46.587+07:00,49353987257200,49353990727900,3.471
1016,1787500606874874100,2026-08-23T22:56:46.874+07:00,49354259437900,49354268789100,9.351
1017,1787500607170892500,2026-08-23T22:56:47.170+07:00,49354545039700,49354563328500,18.289
1018,1787500607431477500,2026-08-23T22:56:47.431+07:00,49354859876000,49354869090900,9.215
1019,1787500607717462700,2026-08-23T22:56:47.717+07:00,49355112655000,49355116903500,4.248
1020,1787500607964710800,2026-08-23T22:56:47.964+07:00,49355384625500,49355407022000,22.396
1021,1787500608214675800,2026-08-23T22:56:48.214+07:00,49355624051100,49355643194000,19.143
1022,1787500608451379900,2026-08-23T22:56:48.451+07:00,49355903503500,49355881063800,22.440
1023,1787500608696288400,2026-08-23T22:56:48.696+07:00,49356151106000,49356115952800,35.153
1024,1787500608950614000,2026-08-23T22:56:48.950+07:00,49356351566400,49356394650200,43.084
1025,1787500609190308500,2026-08-23T22:56:49.190+07:00,49356638575400,49356637902900,0.672
1026,1787500609436100000,2026-08-23T22:56:49.436+07:00,49356879233200,49356862827400,16.406
1027,1787500609674255900,2026-08-23T22:56:49.674+07:00,49357103275300,49357101502100,1.773
1028,1787500609902621500,2026-08-23T22:56:49.902+07:00,49357341035200,49357364909400,23.874
1029,1787500610135172200,2026-08-23T22:56:50.135+07:00,49357573406900,49357573948300,0.541
1030,1787500610358313300,2026-08-23T22:56:50.358+07:00,49357792229800,49357806687600,14.458
1031,1787500610570158900,2026-08-23T22:56:50.570+07:00,49358041731300,49358047643300,5.912
1032,1787500610790160300,2026-08-23T22:56:50.790+07:00,49358240972100,49358247354200,6.382
1033,1787500611037467100,2026-08-23T22:56:51.037+07:00,49358473421300,49358478649500,5.228
1034,1787500611264317300,2026-08-23T22:56:51.264+07:00,49358720876800,49358720070700,0.806
1035,1787500611495960900,2026-08-23T22:56:51.495+07:00,49358921712200,49358925628400,3.916
1036,1787500611734031500,2026-08-23T22:56:51.734+07:00,49359179649900,49359189903700,10.254
1037,1787500611954430100,2026-08-23T22:56:51.954+07:00,49359403771500,49359428204100,24.433
1038,1787500612162706700,2026-08-23T22:56:52.162+07:00,49359636031700,49359631496100,4.536
1039,1787500612382323400,2026-08-23T22:56:52.382+07:00,49359846475900,49359834640900,11.835
1040,1787500612593192300,2026-08-23T22:56:52.593+07:00,49360041115000,49360070841200,29.726
1041,1787500612813546200,2026-08-23T22:56:52.813+07:00,49360278819400,49360278017700,0.802
1042,1787500613027862700,2026-08-23T22:56:53.027+07:00,49360484869200,49360472833200,12.036
1043,1787500613257817900,2026-08-23T22:56:53.257+07:00,49360684306500,49360710064800,25.758
1044,1787500613460768700,2026-08-23T22:56:53.460+07:00,49360928986800,49360944841300,15.854
1045,1787500613670264100,2026-08-23T22:56:53.670+07:00,49361135122600,49361149189800,14.067
1046,1787500613884107700,2026-08-23T22:56:53.884+07:00,49361335676100,49361359812300,24.136
1047,1787500614320439700,2026-08-23T22:56:54.320+07:00,49361650021400,49361623925500,26.096
1048,1787500614604831100,2026-08-23T22:56:54.604+07:00,49362014612200,49361996228100,18.384
1049,1787500614865557700,2026-08-23T22:56:54.865+07:00,49362294498600,49362267488300,27.010
1050,1787500615164399300,2026-08-23T22:56:55.164+07:00,49362539334600,49362539597500,0.263
1051,1787500615504251300,2026-08-23T22:56:55.504+07:00,49362856397000,49362883164200,26.767
1052,1787500615786020500,2026-08-23T22:56:55.786+07:00,49363188005300,49363188381000,0.376
1053,1787500616100939100,2026-08-23T22:56:56.100+07:00,49363462928800,49363483663100,20.734
1054,1787500616386192100,2026-08-23T22:56:56.386+07:00,49363800904600,49363795300100,5.604
1055,1787500616656464700,2026-08-23T22:56:56.656+07:00,49364070149900,49364053799100,16.351
1056,1787500616944505300,2026-08-23T22:56:56.944+07:00,49364351260100,49364323660800,27.599
1057,1787500617233864400,2026-08-23T22:56:57.233+07:00,49364638204600,49364636896400,1.308
1058,1787500617514798000,2026-08-23T22:56:57.514+07:00,49364917434300,49364934424500,16.990
1059,1787500617792154000,2026-08-23T22:56:57.792+07:00,49365201393800,49365207277800,5.884
1060,1787500618063605500,2026-08-23T22:56:58.063+07:00,49365481097800,49365480672200,0.426
1061,1787500618342943100,2026-08-23T22:56:58.342+07:00,49365757075100,49365756249300,0.826
1062,1787500618651465000,2026-08-23T22:56:58.651+07:00,49366039884200,49366051244100,11.360
1063,1787500618893304900,2026-08-23T22:56:58.893+07:00,49366326522700,49366326059500,0.463
1064,1787500619221703200,2026-08-23T22:56:59.221+07:00,49366519960800,49366527633200,7.672
1065,1787500619515394200,2026-08-23T22:56:59.515+07:00,49366882799500,49366892772300,9.973
1066,1787500619826713800,2026-08-23T22:56:59.826+07:00,49367213132600,49367191458800,21.674
1067,1787500620098169600,2026-08-23T22:57:00.098+07:00,49367522422800,49367500037100,22.386
1068,1787500620344508000,2026-08-23T22:57:00.344+07:00,49367769457700,49367773112100,3.654
1069,1787500620594297400,2026-08-23T22:57:00.594+07:00,49368016370200,49368044202700,27.832
1070,1787500620850940900,2026-08-23T22:57:00.850+07:00,49368253464600,49368275359200,21.895
1071,1787500621134762800,2026-08-23T22:57:01.134+07:00,49368529106200,49368548791000,19.685
1072,1787500621415195200,2026-08-23T22:57:01.415+07:00,49368818335000,49368821347400,3.012
1073,1787500621634606900,2026-08-23T22:57:01.634+07:00,49369096267000,49369095702300,0.565
1074,1787500621877167400,2026-08-23T22:57:01.877+07:00,49369334518900,49369312198400,22.320
1075,1787500622119987500,2026-08-23T22:57:02.119+07:00,49369580870200,49369586906500,6.036
1076,1787500622423340100,2026-08-23T22:57:02.423+07:00,49369813838600,49369791556800,22.282
1077,1787500622693264300,2026-08-23T22:57:02.693+07:00,49370100027200,49370109908900,9.882
1078,1787500622990796300,2026-08-23T22:57:02.990+07:00,49370382866100,49370394898400,12.032
1079,1787500623245927500,2026-08-23T22:57:03.245+07:00,49370670719500,49370674180600,3.461
1080,1787500623499397400,2026-08-23T22:57:03.499+07:00,49370939224800,49370915323400,23.901
1081,1787500623763714900,2026-08-23T22:57:03.763+07:00,49371184439000,49371196759800,12.321
1082,1787500624031902900,2026-08-23T22:57:04.031+07:00,49371481375100,49371442357300,39.018
1083,1787500624309809800,2026-08-23T22:57:04.309+07:00,49371719799700,49371720228900,0.429
1084,1787500624559939800,2026-08-23T22:57:04.559+07:00,49372003009400,49371992726100,10.283
1085,1787500624904193300,2026-08-23T22:57:04.904+07:00,49372240299700,49372239768100,0.532
1086,1787500625156495000,2026-08-23T22:57:05.156+07:00,49372569715200,49372577011200,7.296
1087,1787500625466915200,2026-08-23T22:57:05.466+07:00,49372837457500,49372837813600,0.356
1088,1787500625729172600,2026-08-23T22:57:05.729+07:00,49373160262500,49373159315300,0.947
1089,1787500626044141500,2026-08-23T22:57:06.044+07:00,49373408477600,49373396224100,12.254
1090,1787500626308852200,2026-08-23T22:57:06.308+07:00,49373738254600,49373715381500,22.873
1091,1787500626602647500,2026-08-23T22:57:06.602+07:00,49374015774900,49374019093400,3.318
1092,1787500626855017000,2026-08-23T22:57:06.855+07:00,49374284476300,49374278150200,6.326
1093,1787500627114782700,2026-08-23T22:57:07.114+07:00,49374525392100,49374524734000,0.658
1094,1787500627395005300,2026-08-23T22:57:07.395+07:00,49374807047300,49374806748700,0.299
1095,1787500627682880300,2026-08-23T22:57:07.682+07:00,49375094241200,49375079904500,14.337
1096,1787500627971448800,2026-08-23T22:57:07.971+07:00,49375380132200,49375381350200,1.218
1097,1787500628236150600,2026-08-23T22:57:08.236+07:00,49375655767300,49375638323700,17.444
1098,1787500628558132500,2026-08-23T22:57:08.558+07:00,49375937148100,49375920395600,16.753
1099,1787500628835961400,2026-08-23T22:57:08.835+07:00,49376255075200,49376240649400,14.426
1100,1787500629115441500,2026-08-23T22:57:09.115+07:00,49376540786400,49376516987900,23.799
1101,1787500629446026900,2026-08-23T22:57:09.446+07:00,49376782646700,49376807211300,24.565
1102,1787500629782370400,2026-08-23T22:57:09.782+07:00,49377148204600,49377159327900,11.123
1103,1787500630263137300,2026-08-23T22:57:10.263+07:00,49377552615600,49377537882900,14.733
1104,1787500630641999500,2026-08-23T22:57:10.642+07:00,49377953883400,49377963032700,9.149
1105,1787500631128214900,2026-08-23T22:57:11.128+07:00,49378354171700,49378329525400,24.646
1106,1787500631608102300,2026-08-23T22:57:11.608+07:00,49378846543500,49378849235800,2.692
1107,1787500632041969400,2026-08-23T22:57:12.041+07:00,49379308834000,49379333871700,25.038
1108,1787500632560578200,2026-08-23T22:57:12.560+07:00,49379781112500,49379781731300,0.619
1109,1787500633025316800,2026-08-23T22:57:13.025+07:00,49380275721600,49380291025500,15.304
1110,1787500633479921200,2026-08-23T22:57:13.479+07:00,49380719469200,49380739176800,19.708
1111,1787500633988233100,2026-08-23T22:57:13.988+07:00,49381208682000,49381215193500,6.511
1112,1787500634460158800,2026-08-23T22:57:14.460+07:00,49381701469700,49381735931600,34.462
1113,1787500635006585600,2026-08-23T22:57:15.006+07:00,49382179922700,49382178491000,1.432
1114,1787500635447079600,2026-08-23T22:57:15.447+07:00,49382737632300,49382697814900,39.817
1115,1787500636042877500,2026-08-23T22:57:16.042+07:00,49383306637300,49383313356400,6.719
1116,1787500636591620000,2026-08-23T22:57:16.591+07:00,49383856374100,49383900852300,44.478
1117,1787500637009770500,2026-08-23T22:57:17.009+07:00,49384297175800,49384296732000,0.444
1118,1787500637450076700,2026-08-23T22:57:17.450+07:00,49384714838000,49384695403300,19.435
1119,1787500637859639000,2026-08-23T22:57:17.859+07:00,49385156078000,49385173119800,17.042
1120,1787500638341361600,2026-08-23T22:57:18.341+07:00,49385588888000,49385580261900,8.626
1121,1787500638832959500,2026-08-23T22:57:18.832+07:00,49386069849000,49386056772900,13.076
1122,1787500639454889200,2026-08-23T22:57:19.454+07:00,49386565344900,49386586744200,21.399
1123,1787500640150435700,2026-08-23T22:57:20.150+07:00,49387254015400,49387263608300,9.593
1124,1787500640541058400,2026-08-23T22:57:20.541+07:00,49387882458100,49387866807400,15.651
1125,1787500641151754500,2026-08-23T22:57:21.151+07:00,49388246530700,49388259369900,12.839
1126,1787500641496768700,2026-08-23T22:57:21.496+07:00,49388851089700,49388856182100,5.092
1127,1787500641855844700,2026-08-23T22:57:21.855+07:00,49389205743900,49389218400700,12.657
1128,1787500642286581500,2026-08-23T22:57:22.286+07:00,49389572510200,49389578334100,5.824
1129,1787500642816119100,2026-08-23T22:57:22.816+07:00,49389979412500,49389984122000,4.710
1130,1787500643300854900,2026-08-23T22:57:23.300+07:00,49390504084000,49390502859300,1.225
1131,1787500643737225500,2026-08-23T22:57:23.737+07:00,49391061010700,49391067776500,6.766
1132,1787500644181409800,2026-08-23T22:57:24.181+07:00,49391478364200,49391471175000,7.189
1133,1787500644788572700,2026-08-23T22:57:24.788+07:00,49391951162700,49391949300300,1.862
1134,1787500645177996200,2026-08-23T22:57:25.178+07:00,49392510115400,49392512208600,2.093
1135,1787500645730562400,2026-08-23T22:57:25.730+07:00,49392960576100,49392955196900,5.379
1136,1787500646231143900,2026-08-23T22:57:26.231+07:00,49393475304700,49393476847600,1.543
1137,1787500646752256400,2026-08-23T22:57:26.752+07:00,49393961720400,49393946632800,15.088
1138,1787500647187493900,2026-08-23T22:57:27.187+07:00,49394476022100,49394466912200,9.110
1139,1787500647730250600,2026-08-23T22:57:27.730+07:00,49394963296200,49394962696200,0.600
1140,1787500648354470700,2026-08-23T22:57:28.354+07:00,49395481739400,49395467609200,14.130
1141,1787500648731403700,2026-08-23T22:57:28.731+07:00,49396082033300,49396108245600,26.212
1142,1787500649233901800,2026-08-23T22:57:29.233+07:00,49396450252500,49396479704000,29.451
1143,1787500649739149100,2026-08-23T22:57:29.739+07:00,49396986027500,49396949925600,36.102
1144,1787500650195358900,2026-08-23T22:57:30.195+07:00,49397452794900,49397457790700,4.996
1145,1787500650657093000,2026-08-23T22:57:30.657+07:00,49397942192500,49397962256900,20.064
1146,1787500651250735000,2026-08-23T22:57:31.250+07:00,49398381635800,49398373904600,7.731
1147,1787500651621649900,2026-08-23T22:57:31.621+07:00,49398986727700,49398988664600,1.937
1148,1787500651982775500,2026-08-23T22:57:31.982+07:00,49399338540400,49399316172700,22.368
1149,1787500652567375200,2026-08-23T22:57:32.567+07:00,49399707285200,49399698375800,8.909
1150,1787500652888731400,2026-08-23T22:57:32.888+07:00,49400273593900,49400294106000,20.512
1151,1787500653230015000,2026-08-23T22:57:33.230+07:00,49400585298900,49400601125000,15.826
1152,1787500653586418200,2026-08-23T22:57:33.586+07:00,49400952772800,49400950723800,2.049
1153,1787500653913972000,2026-08-23T22:57:33.913+07:00,49401276507100,49401279471700,2.965
1154,1787500654232794500,2026-08-23T22:57:34.232+07:00,49401637375000,49401611962100,25.413
1155,1787500654591292500,2026-08-23T22:57:34.591+07:00,49401920211700,49401953342100,33.130
1156,1787500654923600900,2026-08-23T22:57:34.923+07:00,49402269033100,49402282887300,13.854
1157,1787500655214410400,2026-08-23T22:57:35.214+07:00,49402603579100,49402619280300,15.701
1158,1787500655544662500,2026-08-23T22:57:35.544+07:00,49402915868300,49402925875300,10.007
1159,1787500655966174800,2026-08-23T22:57:35.966+07:00,49403245270500,49403228630500,16.640
1160,1787500656349559400,2026-08-23T22:57:36.349+07:00,49403744158300,49403745259300,1.101
1161,1787500656688201900,2026-08-23T22:57:36.688+07:00,49404048693800,49404052560700,3.867
1162,1787500656979498000,2026-08-23T22:57:36.979+07:00,49404360797800,49404380211500,19.414
1163,1787500657266383700,2026-08-23T22:57:37.266+07:00,49404649330200,49404680526900,31.197
1164,1787500657553944700,2026-08-23T22:57:37.553+07:00,49404968400000,49404949304800,19.095
1165,1787500657841783800,2026-08-23T22:57:37.841+07:00,49405215979500,49405221455700,5.476
1166,1787500658168288100,2026-08-23T22:57:38.168+07:00,49405533972300,49405533134200,0.838
1167,1787500658503636700,2026-08-23T22:57:38.503+07:00,49405851939700,49405866936900,14.997
1168,1787500658805644900,2026-08-23T22:57:38.805+07:00,49406177823300,49406201694100,23.871
1169,1787500659117940700,2026-08-23T22:57:39.117+07:00,49406501854700,49406506055200,4.200
1170,1787500659411944900,2026-08-23T22:57:39.411+07:00,49406816008400,49406814914000,1.094
1171,1787500659779890900,2026-08-23T22:57:39.779+07:00,49407099463700,49407079745700,19.718
1172,1787500660056025500,2026-08-23T22:57:40.056+07:00,49407459226200,49407447853400,11.373
1173,1787500660338704800,2026-08-23T22:57:40.338+07:00,49407742328800,49407765281900,22.953
1174,1787500660622678400,2026-08-23T22:57:40.622+07:00,49408035782900,49408034166000,1.617
1175,1787500660900249700,2026-08-23T22:57:40.900+07:00,49408309905000,49408300301400,9.604
1176,1787500661173032600,2026-08-23T22:57:41.173+07:00,49408589029600,49408601198600,12.169
1177,1787500661458579300,2026-08-23T22:57:41.458+07:00,49408874873700,49408875211900,0.338
1178,1787500661727709100,2026-08-23T22:57:41.727+07:00,49409155670500,49409142627000,13.043
1179,1787500662008844000,2026-08-23T22:57:42.008+07:00,49409436318300,49409416012100,20.306
1180,1787500662261945100,2026-08-23T22:57:42.261+07:00,49409679313100,49409685459700,6.147
1181,1787500662517747800,2026-08-23T22:57:42.517+07:00,49409928362300,49409962065700,33.703
1182,1787500662761493700,2026-08-23T22:57:42.761+07:00,49410202865300,49410195038700,7.827
1183,1787500662994540400,2026-08-23T22:57:42.994+07:00,49410454280500,49410457131500,2.851
1184,1787500663211903600,2026-08-23T22:57:43.211+07:00,49410677905900,49410661819500,16.086
1185,1787500663452509200,2026-08-23T22:57:43.452+07:00,49410871927800,49410900157800,28.230
1186,1787500663685077700,2026-08-23T22:57:43.685+07:00,49411116473300,49411136722700,20.249
1187,1787500663898330200,2026-08-23T22:57:43.898+07:00,49411368153300,49411379480700,11.327
1188,1787500664106811900,2026-08-23T22:57:44.106+07:00,49411576761700,49411575456300,1.305
1189,1787500664326498300,2026-08-23T22:57:44.326+07:00,49411771557800,49411777924200,6.366
1190,1787500664541435400,2026-08-23T22:57:44.541+07:00,49412022034200,49412021781800,0.252
1191,1787500664757981900,2026-08-23T22:57:44.757+07:00,49412219483100,49412218609800,0.873
1192,1787500664956566700,2026-08-23T22:57:44.956+07:00,49412438499100,49412450129800,11.631
1193,1787500665147037600,2026-08-23T22:57:45.147+07:00,49412646474800,49412626098600,20.376
1194,1787500665385256800,2026-08-23T22:57:45.385+07:00,49412808204100,49412824937800,16.734
1195,1787500665611489300,2026-08-23T22:57:45.611+07:00,49413052356900,49413059154900,6.798
1196,1787500665841437700,2026-08-23T22:57:45.841+07:00,49413304793800,49413303036000,1.758
1197,1787500666067708100,2026-08-23T22:57:46.067+07:00,49413502792700,49413501502400,1.290
1198,1787500666287129500,2026-08-23T22:57:46.287+07:00,49413737861900,49413736695400,1.167
1199,1787500666508091800,2026-08-23T22:57:46.508+07:00,49413975111900,49413973752600,1.359
1200,1787500666712515100,2026-08-23T22:57:46.712+07:00,49414182087700,49414185356900,3.269
1201,1787500666906432800,2026-08-23T22:57:46.906+07:00,49414383800500,49414386116700,2.316
1202,1787500667108392500,2026-08-23T22:57:47.108+07:00,49414593984300,49414594325000,0.341
1203,1787500667312712600,2026-08-23T22:57:47.312+07:00,49414774288800,49414791736000,17.447
1204,1787500667513443200,2026-08-23T22:57:47.513+07:00,49414991864700,49414991233200,0.631
1205,1787500667704781900,2026-08-23T22:57:47.704+07:00,49415203718500,49415198318200,5.400
1206,1787500667897635100,2026-08-23T22:57:47.897+07:00,49415337141300,49415360574300,23.433
1207,1787500668081821300,2026-08-23T22:57:48.081+07:00,49415577232800,49415558160900,19.072
1208,1787500668290705600,2026-08-23T22:57:48.290+07:00,49415739652600,49415764611200,24.959
1209,1787500668505091600,2026-08-23T22:57:48.505+07:00,49415950990300,49415980031100,29.041
1210,1787500668704692300,2026-08-23T22:57:48.704+07:00,49416183937400,49416163596900,20.340
1211,1787500668902667900,2026-08-23T22:57:48.902+07:00,49416392894700,49416367742300,25.152
1212,1787500669089790400,2026-08-23T22:57:49.089+07:00,49416547084200,49416572028700,24.945
1213,1787500669307621700,2026-08-23T22:57:49.307+07:00,49416754994000,49416772621300,17.627
1214,1787500669530943000,2026-08-23T22:57:49.530+07:00,49416994074100,49416978608600,15.466
1215,1787500669763839600,2026-08-23T22:57:49.763+07:00,49417196269900,49417210614100,14.344
1216,1787500669968784200,2026-08-23T22:57:49.968+07:00,49417440968400,49417455081400,14.113
1217,1787500670195990500,2026-08-23T22:57:50.195+07:00,49417629529700,49417661658700,32.129
1218,1787500670413211100,2026-08-23T22:57:50.413+07:00,49417875543300,49417860550100,14.993
1219,1787500670624109400,2026-08-23T22:57:50.624+07:00,49418094481500,49418105733000,11.252
1220,1787500670835816900,2026-08-23T22:57:50.835+07:00,49418281448900,49418299348700,17.900
1221,1787500671043833100,2026-08-23T22:57:51.043+07:00,49418526903100,49418494416600,32.486
1222,1787500671242673300,2026-08-23T22:57:51.242+07:00,49418721137300,49418734163300,13.026
1223,1787500671448536500,2026-08-23T22:57:51.448+07:00,49418920124900,49418902843100,17.282
1224,1787500671663418500,2026-08-23T22:57:51.663+07:00,49419121026000,49419141064100,20.038
1225,1787500671866770400,2026-08-23T22:57:51.866+07:00,49419324306800,49419343446600,19.140
1226,1787500672069121300,2026-08-23T22:57:52.069+07:00,49419525707600,49419544163200,18.456
1227,1787500672277715300,2026-08-23T22:57:52.277+07:00,49419761242500,49419744814300,16.428
1228,1787500672488378700,2026-08-23T22:57:52.488+07:00,49419975173100,49419948928100,26.245
1229,1787500672697510500,2026-08-23T22:57:52.697+07:00,49420171896300,49420155766000,16.130
1230,1787500672902794400,2026-08-23T22:57:52.902+07:00,49420376271900,49420355612800,20.659
1231,1787500673127130500,2026-08-23T22:57:53.127+07:00,49420567479100,49420593871100,26.392
1232,1787500673326366500,2026-08-23T22:57:53.326+07:00,49420809676900,49420795147100,14.530
1233,1787500673553525900,2026-08-23T22:57:53.553+07:00,49421008738800,49420995678300,13.060
1234,1787500673752751500,2026-08-23T22:57:53.752+07:00,49421215918700,49421237689600,21.771
1235,1787500673953169300,2026-08-23T22:57:53.953+07:00,49421419688800,49421440917400,21.229
1236,1787500674161808300,2026-08-23T22:57:54.161+07:00,49421620389100,49421636443000,16.054
1237,1787500674381208400,2026-08-23T22:57:54.381+07:00,49421821275900,49421841093000,19.817
1238,1787500674591063600,2026-08-23T22:57:54.591+07:00,49422062707300,49422044082900,18.624
1239,1787500674812666200,2026-08-23T22:57:54.812+07:00,49422255065000,49422285248900,30.184
1240,1787500675024370300,2026-08-23T22:57:55.024+07:00,49422420239300,49422454586800,34.347
1241,1787500675254851500,2026-08-23T22:57:55.254+07:00,49422695023900,49422721930800,26.907
1242,1787500675486080600,2026-08-23T22:57:55.486+07:00,49422940769300,49422932135200,8.634
1243,1787500675734013900,2026-08-23T22:57:55.734+07:00,49423159782900,49423167230000,7.447
1244,1787500676013299700,2026-08-23T22:57:56.013+07:00,49423419303200,49423434340600,15.037
1245,1787500676381310000,2026-08-23T22:57:56.381+07:00,49423714144700,49423709053600,5.091
1246,1787500676692222000,2026-08-23T22:57:56.692+07:00,49424076244100,49424077711900,1.468
1247,1787500676994469400,2026-08-23T22:57:56.994+07:00,49424393208300,49424376892300,16.316
1248,1787500677271798400,2026-08-23T22:57:57.271+07:00,49424685879200,49424687281200,1.402
1249,1787500677575296300,2026-08-23T22:57:57.575+07:00,49424967957300,49424987771300,19.814
1250,1787500677939150800,2026-08-23T22:57:57.939+07:00,49425291467500,49425293239900,1.772
1251,1787500678260235100,2026-08-23T22:57:58.260+07:00,49425641002900,49425630969500,10.033
1252,1787500678552722700,2026-08-23T22:57:58.552+07:00,49425955213600,49425966720500,11.507
1253,1787500678825705500,2026-08-23T22:57:58.825+07:00,49426243861900,49426241686400,2.175
1254,1787500679107012100,2026-08-23T22:57:59.107+07:00,49426521677800,49426537044000,15.366
1255,1787500679440512200,2026-08-23T22:57:59.440+07:00,49426804871700,49426808629000,3.757
1256,1787500679719645300,2026-08-23T22:57:59.719+07:00,49427129595700,49427146131800,16.536
1257,1787500680004977500,2026-08-23T22:58:00.004+07:00,49427416196700,49427421306200,5.109
1258,1787500680320059700,2026-08-23T22:58:00.320+07:00,49427691522800,49427695816400,4.294
1259,1787500680612450000,2026-08-23T22:58:00.612+07:00,49428007761000,49428027654400,19.893
1260,1787500680893368100,2026-08-23T22:58:00.893+07:00,49428324145400,49428296530200,27.615
1261,1787500681160231000,2026-08-23T22:58:01.160+07:00,49428574439200,49428568945600,5.494
1262,1787500681428247200,2026-08-23T22:58:01.428+07:00,49428849797600,49428872541900,22.744
1263,1787500681794457100,2026-08-23T22:58:01.794+07:00,49429140390600,49429142447000,2.056
1264,1787500682060267800,2026-08-23T22:58:02.060+07:00,49429496327500,49429512446200,16.119
1265,1787500682321006500,2026-08-23T22:58:02.321+07:00,49429779333700,49429781919400,2.586
1266,1787500682671039300,2026-08-23T22:58:02.671+07:00,49430031821900,49430022403700,9.418
1267,1787500682962997400,2026-08-23T22:58:02.963+07:00,49430390256900,49430397355400,7.098
1268,1787500683228981100,2026-08-23T22:58:03.228+07:00,49430667609600,49430666920100,0.690
1269,1787500683529232300,2026-08-23T22:58:03.529+07:00,49430906144900,49430935697700,29.553
1270,1787500683844703600,2026-08-23T22:58:03.844+07:00,49431222593000,49431205000600,17.592
1271,1787500684128401000,2026-08-23T22:58:04.128+07:00,49431548672700,49431546880500,1.792
1272,1787500684437047300,2026-08-23T22:58:04.437+07:00,49431833210800,49431820861700,12.349
1273,1787500684731301700,2026-08-23T22:58:04.731+07:00,49432151371400,49432122942500,28.429
1274,1787500685020192600,2026-08-23T22:58:05.020+07:00,49432429477900,49432415688800,13.789
1275,1787500685317813000,2026-08-23T22:58:05.317+07:00,49432717718300,49432723583800,5.865
1276,1787500685621772300,2026-08-23T22:58:05.621+07:00,49433040348600,49433037514400,2.834
1277,1787500685906314800,2026-08-23T22:58:05.906+07:00,49433320276300,49433329531300,9.255
1278,1787500686189466200,2026-08-23T22:58:06.189+07:00,49433566402100,49433567977200,1.575
1279,1787500686585531900,2026-08-23T22:58:06.585+07:00,49433887647200,49433904019700,16.372
1280,1787500686999098100,2026-08-23T22:58:06.999+07:00,49434321663300,49434310005700,11.658
1281,1787500687389291300,2026-08-23T22:58:07.389+07:00,49434672095000,49434670503700,1.591
1282,1787500687878870300,2026-08-23T22:58:07.878+07:00,49435177276700,49435174377500,2.899
1283,1787500688289180500,2026-08-23T22:58:08.289+07:00,49435611055600,49435606143500,4.912
1284,1787500688792622700,2026-08-23T22:58:08.792+07:00,49436018255900,49436009742700,8.513
1285,1787500689174586400,2026-08-23T22:58:09.174+07:00,49436505107200,49436507856600,2.749
1286,1787500689596485500,2026-08-23T22:58:09.596+07:00,49436900331300,49436924716000,24.385
1287,1787500690137889600,2026-08-23T22:58:10.137+07:00,49437337781800,49437321732400,16.049
1288,1787500690562909800,2026-08-23T22:58:10.562+07:00,49437885369500,49437892293000,6.923
1289,1787500690927108700,2026-08-23T22:58:10.927+07:00,49438277361200,49438272472600,4.889
1290,1787500691284253700,2026-08-23T22:58:11.284+07:00,49438633674000,49438645154900,11.481
1291,1787500691610094100,2026-08-23T22:58:11.610+07:00,49438991991100,49439008226100,16.235
1292,1787500692018192900,2026-08-23T22:58:12.018+07:00,49439319434800,49439349503700,30.069
1293,1787500692333682300,2026-08-23T22:58:12.333+07:00,49439719084600,49439718108000,0.977
1294,1787500692695636800,2026-08-23T22:58:12.695+07:00,49440044723900,49440059585300,14.861
1295,1787500693037142000,2026-08-23T22:58:13.037+07:00,49440404057700,49440397621500,6.436
1296,1787500693365636800,2026-08-23T22:58:13.365+07:00,49440758448600,49440768560600,10.112
1297,1787500693742381200,2026-08-23T22:58:13.742+07:00,49441138410800,49441118130400,20.280
1298,1787500694076746000,2026-08-23T22:58:14.076+07:00,49441449230300,49441470527900,21.298
1299,1787500694459865600,2026-08-23T22:58:14.459+07:00,49441817658600,49441818057700,0.399
1300,1787500694843338200,2026-08-23T22:58:14.843+07:00,49442166136700,49442185363800,19.227
1301,1787500695244184700,2026-08-23T22:58:15.244+07:00,49442531783300,49442553825500,22.042
1302,1787500695801407800,2026-08-23T22:58:15.801+07:00,49443004261800,49443001808200,2.454
1303,1787500696253181700,2026-08-23T22:58:16.253+07:00,49443535365400,49443546393200,11.028
1304,1787500696803886700,2026-08-23T22:58:16.804+07:00,49443986582300,49443987274400,0.692
1305,1787500697191015500,2026-08-23T22:58:17.191+07:00,49444536768200,49444514264300,22.504
1306,1787500697608796800,2026-08-23T22:58:17.608+07:00,49444905470900,49444918485800,13.015
1307,1787500697967374200,2026-08-23T22:58:17.967+07:00,49445311825100,49445324894900,13.070
1308,1787500698271022300,2026-08-23T22:58:18.271+07:00,49445666687700,49445666122100,0.566
1309,1787500698586963300,2026-08-23T22:58:18.586+07:00,49445987502000,49446000129300,12.627
1310,1787500698923804600,2026-08-23T22:58:18.923+07:00,49446311904800,49446309637500,2.267
1311,1787500699231032900,2026-08-23T22:58:19.231+07:00,49446645390600,49446644344600,1.046
1312,1787500699559246400,2026-08-23T22:58:19.559+07:00,49446960568500,49446946672400,13.896
1313,1787500699893999500,2026-08-23T22:58:19.894+07:00,49447279693100,49447255800000,23.893
1314,1787500700227124900,2026-08-23T22:58:20.227+07:00,49447592434400,49447596842400,4.408
1315,1787500700597529300,2026-08-23T22:58:20.597+07:00,49447951177600,49447925449500,25.728
1316,1787500700916247300,2026-08-23T22:58:20.916+07:00,49448318288600,49448295527600,22.761
1317,1787500701248340100,2026-08-23T22:58:21.248+07:00,49448644523200,49448644251100,0.272
1318,1787500701611768400,2026-08-23T22:58:21.611+07:00,49448966061900,49448982182900,16.121
1319,1787500701902155100,2026-08-23T22:58:21.902+07:00,49449320304000,49449344735300,24.431
1320,1787500702181031200,2026-08-23T22:58:22.181+07:00,49449454679600,49449511748600,57.069
1321,1787500702633453300,2026-08-23T22:58:22.633+07:00,49449971609400,49450053483600,81.874
1322,1787500702908313200,2026-08-23T22:58:22.908+07:00,49450332659500,49450332157100,0.502
1323,1787500703219558800,2026-08-23T22:58:23.219+07:00,49450606762600,49450631820600,25.058
1324,1787500703543416700,2026-08-23T22:58:23.543+07:00,49450939178400,49450943055100,3.877
1325,1787500703855318500,2026-08-23T22:58:23.855+07:00,49451252151400,49451276638600,24.487
1326,1787500704171446000,2026-08-23T22:58:24.171+07:00,49451581042000,49451573737700,7.304
1327,1787500704609140600,2026-08-23T22:58:24.609+07:00,49451903547300,49451877162500,26.385
1328,1787500704929478900,2026-08-23T22:58:24.929+07:00,49452337119000,49452322127500,14.992
1329,1787500705348711500,2026-08-23T22:58:25.348+07:00,49452625010700,49452624592900,0.418
1330,1787500705658893700,2026-08-23T22:58:25.658+07:00,49453071543700,49453056313200,15.230
1331,1787500705988563600,2026-08-23T22:58:25.988+07:00,49453354654700,49453365347700,10.693
1332,1787500706335552600,2026-08-23T22:58:26.335+07:00,49453672011300,49453702969900,30.959
1333,1787500706674023800,2026-08-23T22:58:26.674+07:00,49454026501400,49454047969500,21.468
1334,1787500706998385800,2026-08-23T22:58:26.998+07:00,49454392925900,49454410632300,17.706
1335,1787500707380609400,2026-08-23T22:58:27.380+07:00,49454725045100,49454716894300,8.151
1336,1787500707705111800,2026-08-23T22:58:27.705+07:00,49455080115400,49455089727500,9.612
1337,1787500707987743900,2026-08-23T22:58:27.987+07:00,49455400585900,49455422062600,21.477
1338,1787500708277764600,2026-08-23T22:58:28.277+07:00,49455713979500,49455696848200,17.131
1339,1787500708543027100,2026-08-23T22:58:28.543+07:00,49456000895500,49455998942300,1.953
1340,1787500708816305900,2026-08-23T22:58:28.816+07:00,49456240344500,49456239188100,1.156
